Indicator Name,Indicator Code,Country Name,Country Code,Year,Value,Disaggregation
"Proportion of women subjected to physical and/or sexual violence in the last 12 months (modeled estimate, % of ever partnered women ages 15-49)",SG.VAW.1549.ME.ZS,East Asia & Pacific,EAS,2018,7.928985126,"female, 15-49, Modeled"
"Proportion of women subjected to physical and/or sexual violence in the last 12 months (modeled estimate, % of ever partnered women ages 15-49)",SG.VAW.1549.ME.ZS,Europe & Central Asia,ECS,2018,6.31791344,"female, 15-49, Modeled"
"Proportion of women subjected to physical and/or sexual violence in the last 12 months (modeled estimate, % of ever partnered women ages 15-49)",SG.VAW.1549.ME.ZS,High income,HIC,2018,5.601072392,"female, 15-49, Modeled"
"Proportion of women subjected to physical and/or sexual violence in the last 12 months (modeled estimate, % of ever partnered women ages 15-49)",SG.VAW.1549.ME.ZS,Latin America & Caribbean,LCN,2018,8.306677924,"female, 15-49, Modeled"
"Proportion of women subjected to physical and/or sexual violence in the last 12 months (modeled estimate, % of ever partnered women ages 15-49)",SG.VAW.1549.ME.ZS,Low income,LIC,2018,22.48219924,"female, 15-49, Modeled"
"Proportion of women subjected to physical and/or sexual violence in the last 12 months (modeled estimate, % of ever partnered women ages 15-49)",SG.VAW.1549.ME.ZS,Lower middle income,LMC,2018,16.86485292,"female, 15-49, Modeled"
"Proportion of women subjected to physical and/or sexual violence in the last 12 months (modeled estimate, % of ever partnered women ages 15-49)",SG.VAW.1549.ME.ZS,Middle East & North Africa,MEA,2018,15.28129287,"female, 15-49, Modeled"
"Proportion of women subjected to physical and/or sexual violence in the last 12 months (modeled estimate, % of ever partnered women ages 15-49)",SG.VAW.1549.ME.ZS,North America,NAC,2018,5.657970232,"female, 15-49, Modeled"
"Proportion of women subjected to physical and/or sexual violence in the last 12 months (modeled estimate, % of ever partnered women ages 15-49)",SG.VAW.1549.ME.ZS,South Asia,SAS,2018,18.77895108,"female, 15-49, Modeled"
"Proportion of women subjected to physical and/or sexual violence in the last 12 months (modeled estimate, % of ever partnered women ages 15-49)",SG.VAW.1549.ME.ZS,Sub-Saharan Africa,SSF,2018,20.25883995,"female, 15-49, Modeled"
"Proportion of women subjected to physical and/or sexual violence in the last 12 months (modeled estimate, % of ever partnered women ages 15-49)",SG.VAW.1549.ME.ZS,Upper middle income,UMC,2018,8.745192439,"female, 15-49, Modeled"
"Proportion of women subjected to physical and/or sexual violence in the last 12 months (modeled estimate, % of ever partnered women ages 15-49)",SG.VAW.1549.ME.ZS,Afghanistan,AFG,2018,35,"female, 15-49, Modeled"
"Proportion of women subjected to physical and/or sexual violence in the last 12 months (modeled estimate, % of ever partnered women ages 15-49)",SG.VAW.1549.ME.ZS,Albania,ALB,2018,6,"female, 15-49, Modeled"
"Proportion of women subjected to physical and/or sexual violence in the last 12 months (modeled estimate, % of ever partnered women ages 15-49)",SG.VAW.1549.ME.ZS,Angola,AGO,2018,25,"female, 15-49, Modeled"
"Proportion of women subjected to physical and/or sexual violence in the last 12 months (modeled estimate, % of ever partnered women ages 15-49)",SG.VAW.1549.ME.ZS,Argentina,ARG,2018,5,"female, 15-49, Modeled"
"Proportion of women subjected to physical and/or sexual violence in the last 12 months (modeled estimate, % of ever partnered women ages 15-49)",SG.VAW.1549.ME.ZS,Armenia,ARM,2018,5,"female, 15-49, Modeled"
"Proportion of women subjected to physical and/or sexual violence in the last 12 months (modeled estimate, % of ever partnered women ages 15-49)",SG.VAW.1549.ME.ZS,Australia,AUS,2018,3,"female, 15-49, Modeled"
"Proportion of women subjected to physical and/or sexual violence in the last 12 months (modeled estimate, % of ever partnered women ages 15-49)",SG.VAW.1549.ME.ZS,Austria,AUT,2018,4,"female, 15-49, Modeled"
"Proportion of women subjected to physical and/or sexual violence in the last 12 months (modeled estimate, % of ever partnered women ages 15-49)",SG.VAW.1549.ME.ZS,Azerbaijan,AZE,2018,5,"female, 15-49, Modeled"
"Proportion of women subjected to physical and/or sexual violence in the last 12 months (modeled estimate, % of ever partnered women ages 15-49)",SG.VAW.1549.ME.ZS,Bangladesh,BGD,2018,23,"female, 15-49, Modeled"
"Proportion of women subjected to physical and/or sexual violence in the last 12 months (modeled estimate, % of ever partnered women ages 15-49)",SG.VAW.1549.ME.ZS,Belarus,BLR,2018,6,"female, 15-49, Modeled"
"Proportion of women subjected to physical and/or sexual violence in the last 12 months (modeled estimate, % of ever partnered women ages 15-49)",SG.VAW.1549.ME.ZS,Belgium,BEL,2018,5,"female, 15-49, Modeled"
"Proportion of women subjected to physical and/or sexual violence in the last 12 months (modeled estimate, % of ever partnered women ages 15-49)",SG.VAW.1549.ME.ZS,Belize,BLZ,2018,8,"female, 15-49, Modeled"
"Proportion of women subjected to physical and/or sexual violence in the last 12 months (modeled estimate, % of ever partnered women ages 15-49)",SG.VAW.1549.ME.ZS,Benin,BEN,2018,15,"female, 15-49, Modeled"
"Proportion of women subjected to physical and/or sexual violence in the last 12 months (modeled estimate, % of ever partnered women ages 15-49)",SG.VAW.1549.ME.ZS,Bhutan,BTN,2018,9,"female, 15-49, Modeled"
"Proportion of women subjected to physical and/or sexual violence in the last 12 months (modeled estimate, % of ever partnered women ages 15-49)",SG.VAW.1549.ME.ZS,Bolivia,BOL,2018,18,"female, 15-49, Modeled"
"Proportion of women subjected to physical and/or sexual violence in the last 12 months (modeled estimate, % of ever partnered women ages 15-49)",SG.VAW.1549.ME.ZS,Bosnia and Herzegovina,BIH,2018,3,"female, 15-49, Modeled"
"Proportion of women subjected to physical and/or sexual violence in the last 12 months (modeled estimate, % of ever partnered women ages 15-49)",SG.VAW.1549.ME.ZS,Botswana,BWA,2018,17,"female, 15-49, Modeled"
"Proportion of women subjected to physical and/or sexual violence in the last 12 months (modeled estimate, % of ever partnered women ages 15-49)",SG.VAW.1549.ME.ZS,Brazil,BRA,2018,6,"female, 15-49, Modeled"
"Proportion of women subjected to physical and/or sexual violence in the last 12 months (modeled estimate, % of ever partnered women ages 15-49)",SG.VAW.1549.ME.ZS,Bulgaria,BGR,2018,6,"female, 15-49, Modeled"
"Proportion of women subjected to physical and/or sexual violence in the last 12 months (modeled estimate, % of ever partnered women ages 15-49)",SG.VAW.1549.ME.ZS,Burkina Faso,BFA,2018,11,"female, 15-49, Modeled"
"Proportion of women subjected to physical and/or sexual violence in the last 12 months (modeled estimate, % of ever partnered women ages 15-49)",SG.VAW.1549.ME.ZS,Burundi,BDI,2018,22,"female, 15-49, Modeled"
"Proportion of women subjected to physical and/or sexual violence in the last 12 months (modeled estimate, % of ever partnered women ages 15-49)",SG.VAW.1549.ME.ZS,Cabo Verde,CPV,2018,11,"female, 15-49, Modeled"
"Proportion of women subjected to physical and/or sexual violence in the last 12 months (modeled estimate, % of ever partnered women ages 15-49)",SG.VAW.1549.ME.ZS,Cambodia,KHM,2018,9,"female, 15-49, Modeled"
"Proportion of women subjected to physical and/or sexual violence in the last 12 months (modeled estimate, % of ever partnered women ages 15-49)",SG.VAW.1549.ME.ZS,Cameroon,CMR,2018,22,"female, 15-49, Modeled"
"Proportion of women subjected to physical and/or sexual violence in the last 12 months (modeled estimate, % of ever partnered women ages 15-49)",SG.VAW.1549.ME.ZS,Canada,CAN,2018,3,"female, 15-49, Modeled"
"Proportion of women subjected to physical and/or sexual violence in the last 12 months (modeled estimate, % of ever partnered women ages 15-49)",SG.VAW.1549.ME.ZS,Central African Republic,CAF,2018,21,"female, 15-49, Modeled"
"Proportion of women subjected to physical and/or sexual violence in the last 12 months (modeled estimate, % of ever partnered women ages 15-49)",SG.VAW.1549.ME.ZS,Chad,TCD,2018,16,"female, 15-49, Modeled"
"Proportion of women subjected to physical and/or sexual violence in the last 12 months (modeled estimate, % of ever partnered women ages 15-49)",SG.VAW.1549.ME.ZS,Chile,CHL,2018,6,"female, 15-49, Modeled"
"Proportion of women subjected to physical and/or sexual violence in the last 12 months (modeled estimate, % of ever partnered women ages 15-49)",SG.VAW.1549.ME.ZS,China,CHN,2018,8,"female, 15-49, Modeled"
"Proportion of women subjected to physical and/or sexual violence in the last 12 months (modeled estimate, % of ever partnered women ages 15-49)",SG.VAW.1549.ME.ZS,Colombia,COL,2018,12,"female, 15-49, Modeled"
"Proportion of women subjected to physical and/or sexual violence in the last 12 months (modeled estimate, % of ever partnered women ages 15-49)",SG.VAW.1549.ME.ZS,Comoros,COM,2018,8,"female, 15-49, Modeled"
"Proportion of women subjected to physical and/or sexual violence in the last 12 months (modeled estimate, % of ever partnered women ages 15-49)",SG.VAW.1549.ME.ZS,"Congo, Dem. Rep.",COD,2018,36,"female, 15-49, Modeled"
"Proportion of women subjected to physical and/or sexual violence in the last 12 months (modeled estimate, % of ever partnered women ages 15-49)",SG.VAW.1549.ME.ZS,Costa Rica,CRI,2018,7,"female, 15-49, Modeled"
"Proportion of women subjected to physical and/or sexual violence in the last 12 months (modeled estimate, % of ever partnered women ages 15-49)",SG.VAW.1549.ME.ZS,Cote d'Ivoire,CIV,2018,16,"female, 15-49, Modeled"
"Proportion of women subjected to physical and/or sexual violence in the last 12 months (modeled estimate, % of ever partnered women ages 15-49)",SG.VAW.1549.ME.ZS,Croatia,HRV,2018,4,"female, 15-49, Modeled"
"Proportion of women subjected to physical and/or sexual violence in the last 12 months (modeled estimate, % of ever partnered women ages 15-49)",SG.VAW.1549.ME.ZS,Cuba,CUB,2018,5,"female, 15-49, Modeled"
"Proportion of women subjected to physical and/or sexual violence in the last 12 months (modeled estimate, % of ever partnered women ages 15-49)",SG.VAW.1549.ME.ZS,Cyprus,CYP,2018,3,"female, 15-49, Modeled"
"Proportion of women subjected to physical and/or sexual violence in the last 12 months (modeled estimate, % of ever partnered women ages 15-49)",SG.VAW.1549.ME.ZS,Czechia,CZE,2018,4,"female, 15-49, Modeled"
"Proportion of women subjected to physical and/or sexual violence in the last 12 months (modeled estimate, % of ever partnered women ages 15-49)",SG.VAW.1549.ME.ZS,Denmark,DNK,2018,3,"female, 15-49, Modeled"
"Proportion of women subjected to physical and/or sexual violence in the last 12 months (modeled estimate, % of ever partnered women ages 15-49)",SG.VAW.1549.ME.ZS,Dominican Republic,DOM,2018,10,"female, 15-49, Modeled"
"Proportion of women subjected to physical and/or sexual violence in the last 12 months (modeled estimate, % of ever partnered women ages 15-49)",SG.VAW.1549.ME.ZS,Ecuador,ECU,2018,8,"female, 15-49, Modeled"
"Proportion of women subjected to physical and/or sexual violence in the last 12 months (modeled estimate, % of ever partnered women ages 15-49)",SG.VAW.1549.ME.ZS,"Egypt, Arab Rep.",EGY,2018,15,"female, 15-49, Modeled"
"Proportion of women subjected to physical and/or sexual violence in the last 12 months (modeled estimate, % of ever partnered women ages 15-49)",SG.VAW.1549.ME.ZS,El Salvador,SLV,2018,6,"female, 15-49, Modeled"
"Proportion of women subjected to physical and/or sexual violence in the last 12 months (modeled estimate, % of ever partnered women ages 15-49)",SG.VAW.1549.ME.ZS,Equatorial Guinea,GNQ,2018,29,"female, 15-49, Modeled"
"Proportion of women subjected to physical and/or sexual violence in the last 12 months (modeled estimate, % of ever partnered women ages 15-49)",SG.VAW.1549.ME.ZS,Estonia,EST,2018,4,"female, 15-49, Modeled"
"Proportion of women subjected to physical and/or sexual violence in the last 12 months (modeled estimate, % of ever partnered women ages 15-49)",SG.VAW.1549.ME.ZS,Eswatini,SWZ,2018,18,"female, 15-49, Modeled"
"Proportion of women subjected to physical and/or sexual violence in the last 12 months (modeled estimate, % of ever partnered women ages 15-49)",SG.VAW.1549.ME.ZS,Ethiopia,ETH,2018,27,"female, 15-49, Modeled"
"Proportion of women subjected to physical and/or sexual violence in the last 12 months (modeled estimate, % of ever partnered women ages 15-49)",SG.VAW.1549.ME.ZS,Fiji,FJI,2018,23,"female, 15-49, Modeled"
"Proportion of women subjected to physical and/or sexual violence in the last 12 months (modeled estimate, % of ever partnered women ages 15-49)",SG.VAW.1549.ME.ZS,Finland,FIN,2018,8,"female, 15-49, Modeled"
"Proportion of women subjected to physical and/or sexual violence in the last 12 months (modeled estimate, % of ever partnered women ages 15-49)",SG.VAW.1549.ME.ZS,France,FRA,2018,5,"female, 15-49, Modeled"
"Proportion of women subjected to physical and/or sexual violence in the last 12 months (modeled estimate, % of ever partnered women ages 15-49)",SG.VAW.1549.ME.ZS,Gabon,GAB,2018,22,"female, 15-49, Modeled"
"Proportion of women subjected to physical and/or sexual violence in the last 12 months (modeled estimate, % of ever partnered women ages 15-49)",SG.VAW.1549.ME.ZS,"Gambia, The",GMB,2018,10,"female, 15-49, Modeled"
"Proportion of women subjected to physical and/or sexual violence in the last 12 months (modeled estimate, % of ever partnered women ages 15-49)",SG.VAW.1549.ME.ZS,Georgia,GEO,2018,3,"female, 15-49, Modeled"
"Proportion of women subjected to physical and/or sexual violence in the last 12 months (modeled estimate, % of ever partnered women ages 15-49)",SG.VAW.1549.ME.ZS,Germany,DEU,2018,5,"female, 15-49, Modeled"
"Proportion of women subjected to physical and/or sexual violence in the last 12 months (modeled estimate, % of ever partnered women ages 15-49)",SG.VAW.1549.ME.ZS,Ghana,GHA,2018,10,"female, 15-49, Modeled"
"Proportion of women subjected to physical and/or sexual violence in the last 12 months (modeled estimate, % of ever partnered women ages 15-49)",SG.VAW.1549.ME.ZS,Greece,GRC,2018,5,"female, 15-49, Modeled"
"Proportion of women subjected to physical and/or sexual violence in the last 12 months (modeled estimate, % of ever partnered women ages 15-49)",SG.VAW.1549.ME.ZS,Grenada,GRD,2018,8,"female, 15-49, Modeled"
"Proportion of women subjected to physical and/or sexual violence in the last 12 months (modeled estimate, % of ever partnered women ages 15-49)",SG.VAW.1549.ME.ZS,Guatemala,GTM,2018,7,"female, 15-49, Modeled"
"Proportion of women subjected to physical and/or sexual violence in the last 12 months (modeled estimate, % of ever partnered women ages 15-49)",SG.VAW.1549.ME.ZS,Guinea,GIN,2018,21,"female, 15-49, Modeled"
"Proportion of women subjected to physical and/or sexual violence in the last 12 months (modeled estimate, % of ever partnered women ages 15-49)",SG.VAW.1549.ME.ZS,Guyana,GUY,2018,10,"female, 15-49, Modeled"
"Proportion of women subjected to physical and/or sexual violence in the last 12 months (modeled estimate, % of ever partnered women ages 15-49)",SG.VAW.1549.ME.ZS,Haiti,HTI,2018,12,"female, 15-49, Modeled"
"Proportion of women subjected to physical and/or sexual violence in the last 12 months (modeled estimate, % of ever partnered women ages 15-49)",SG.VAW.1549.ME.ZS,Honduras,HND,2018,7,"female, 15-49, Modeled"
"Proportion of women subjected to physical and/or sexual violence in the last 12 months (modeled estimate, % of ever partnered women ages 15-49)",SG.VAW.1549.ME.ZS,"Hong Kong SAR, China",HKG,2018,3,"female, 15-49, Modeled"
"Proportion of women subjected to physical and/or sexual violence in the last 12 months (modeled estimate, % of ever partnered women ages 15-49)",SG.VAW.1549.ME.ZS,Hungary,HUN,2018,6,"female, 15-49, Modeled"
"Proportion of women subjected to physical and/or sexual violence in the last 12 months (modeled estimate, % of ever partnered women ages 15-49)",SG.VAW.1549.ME.ZS,Iceland,ISL,2018,3,"female, 15-49, Modeled"
"Proportion of women subjected to physical and/or sexual violence in the last 12 months (modeled estimate, % of ever partnered women ages 15-49)",SG.VAW.1549.ME.ZS,India,IND,2018,18,"female, 15-49, Modeled"
"Proportion of women subjected to physical and/or sexual violence in the last 12 months (modeled estimate, % of ever partnered women ages 15-49)",SG.VAW.1549.ME.ZS,Indonesia,IDN,2018,9,"female, 15-49, Modeled"
"Proportion of women subjected to physical and/or sexual violence in the last 12 months (modeled estimate, % of ever partnered women ages 15-49)",SG.VAW.1549.ME.ZS,"Iran, Islamic Rep.",IRN,2018,18,"female, 15-49, Modeled"
"Proportion of women subjected to physical and/or sexual violence in the last 12 months (modeled estimate, % of ever partnered women ages 15-49)",SG.VAW.1549.ME.ZS,Ireland,IRL,2018,3,"female, 15-49, Modeled"
"Proportion of women subjected to physical and/or sexual violence in the last 12 months (modeled estimate, % of ever partnered women ages 15-49)",SG.VAW.1549.ME.ZS,Israel,ISR,2018,6,"female, 15-49, Modeled"
"Proportion of women subjected to physical and/or sexual violence in the last 12 months (modeled estimate, % of ever partnered women ages 15-49)",SG.VAW.1549.ME.ZS,Italy,ITA,2018,4,"female, 15-49, Modeled"
"Proportion of women subjected to physical and/or sexual violence in the last 12 months (modeled estimate, % of ever partnered women ages 15-49)",SG.VAW.1549.ME.ZS,Jamaica,JAM,2018,7,"female, 15-49, Modeled"
"Proportion of women subjected to physical and/or sexual violence in the last 12 months (modeled estimate, % of ever partnered women ages 15-49)",SG.VAW.1549.ME.ZS,Japan,JPN,2018,4,"female, 15-49, Modeled"
"Proportion of women subjected to physical and/or sexual violence in the last 12 months (modeled estimate, % of ever partnered women ages 15-49)",SG.VAW.1549.ME.ZS,Jordan,JOR,2018,13,"female, 15-49, Modeled"
"Proportion of women subjected to physical and/or sexual violence in the last 12 months (modeled estimate, % of ever partnered women ages 15-49)",SG.VAW.1549.ME.ZS,Kazakhstan,KAZ,2018,6,"female, 15-49, Modeled"
"Proportion of women subjected to physical and/or sexual violence in the last 12 months (modeled estimate, % of ever partnered women ages 15-49)",SG.VAW.1549.ME.ZS,Kenya,KEN,2018,23,"female, 15-49, Modeled"
"Proportion of women subjected to physical and/or sexual violence in the last 12 months (modeled estimate, % of ever partnered women ages 15-49)",SG.VAW.1549.ME.ZS,Kiribati,KIR,2018,25,"female, 15-49, Modeled"
"Proportion of women subjected to physical and/or sexual violence in the last 12 months (modeled estimate, % of ever partnered women ages 15-49)",SG.VAW.1549.ME.ZS,"Korea, Rep.",KOR,2018,8,"female, 15-49, Modeled"
"Proportion of women subjected to physical and/or sexual violence in the last 12 months (modeled estimate, % of ever partnered women ages 15-49)",SG.VAW.1549.ME.ZS,Kosovo,XKX,2018,5,"female, 15-49, Modeled"
"Proportion of women subjected to physical and/or sexual violence in the last 12 months (modeled estimate, % of ever partnered women ages 15-49)",SG.VAW.1549.ME.ZS,Kyrgyz Republic,KGZ,2018,13,"female, 15-49, Modeled"
"Proportion of women subjected to physical and/or sexual violence in the last 12 months (modeled estimate, % of ever partnered women ages 15-49)",SG.VAW.1549.ME.ZS,Lao PDR,LAO,2018,8,"female, 15-49, Modeled"
"Proportion of women subjected to physical and/or sexual violence in the last 12 months (modeled estimate, % of ever partnered women ages 15-49)",SG.VAW.1549.ME.ZS,Latvia,LVA,2018,6,"female, 15-49, Modeled"
"Proportion of women subjected to physical and/or sexual violence in the last 12 months (modeled estimate, % of ever partnered women ages 15-49)",SG.VAW.1549.ME.ZS,Lesotho,LSO,2018,16,"female, 15-49, Modeled"
"Proportion of women subjected to physical and/or sexual violence in the last 12 months (modeled estimate, % of ever partnered women ages 15-49)",SG.VAW.1549.ME.ZS,Liberia,LBR,2018,27,"female, 15-49, Modeled"
"Proportion of women subjected to physical and/or sexual violence in the last 12 months (modeled estimate, % of ever partnered women ages 15-49)",SG.VAW.1549.ME.ZS,Lithuania,LTU,2018,5,"female, 15-49, Modeled"
"Proportion of women subjected to physical and/or sexual violence in the last 12 months (modeled estimate, % of ever partnered women ages 15-49)",SG.VAW.1549.ME.ZS,Luxembourg,LUX,2018,4,"female, 15-49, Modeled"
"Proportion of women subjected to physical and/or sexual violence in the last 12 months (modeled estimate, % of ever partnered women ages 15-49)",SG.VAW.1549.ME.ZS,Malawi,MWI,2018,17,"female, 15-49, Modeled"
"Proportion of women subjected to physical and/or sexual violence in the last 12 months (modeled estimate, % of ever partnered women ages 15-49)",SG.VAW.1549.ME.ZS,Maldives,MDV,2018,6,"female, 15-49, Modeled"
"Proportion of women subjected to physical and/or sexual violence in the last 12 months (modeled estimate, % of ever partnered women ages 15-49)",SG.VAW.1549.ME.ZS,Mali,MLI,2018,18,"female, 15-49, Modeled"
"Proportion of women subjected to physical and/or sexual violence in the last 12 months (modeled estimate, % of ever partnered women ages 15-49)",SG.VAW.1549.ME.ZS,Malta,MLT,2018,4,"female, 15-49, Modeled"
"Proportion of women subjected to physical and/or sexual violence in the last 12 months (modeled estimate, % of ever partnered women ages 15-49)",SG.VAW.1549.ME.ZS,Marshall Islands,MHL,2018,19,"female, 15-49, Modeled"
"Proportion of women subjected to physical and/or sexual violence in the last 12 months (modeled estimate, % of ever partnered women ages 15-49)",SG.VAW.1549.ME.ZS,Mexico,MEX,2018,10,"female, 15-49, Modeled"
"Proportion of women subjected to physical and/or sexual violence in the last 12 months (modeled estimate, % of ever partnered women ages 15-49)",SG.VAW.1549.ME.ZS,"Micronesia, Fed. Sts.",FSM,2018,21,"female, 15-49, Modeled"
"Proportion of women subjected to physical and/or sexual violence in the last 12 months (modeled estimate, % of ever partnered women ages 15-49)",SG.VAW.1549.ME.ZS,Moldova,MDA,2018,9,"female, 15-49, Modeled"
"Proportion of women subjected to physical and/or sexual violence in the last 12 months (modeled estimate, % of ever partnered women ages 15-49)",SG.VAW.1549.ME.ZS,Mongolia,MNG,2018,12,"female, 15-49, Modeled"
"Proportion of women subjected to physical and/or sexual violence in the last 12 months (modeled estimate, % of ever partnered women ages 15-49)",SG.VAW.1549.ME.ZS,Montenegro,MNE,2018,4,"female, 15-49, Modeled"
"Proportion of women subjected to physical and/or sexual violence in the last 12 months (modeled estimate, % of ever partnered women ages 15-49)",SG.VAW.1549.ME.ZS,Morocco,MAR,2018,10,"female, 15-49, Modeled"
"Proportion of women subjected to physical and/or sexual violence in the last 12 months (modeled estimate, % of ever partnered women ages 15-49)",SG.VAW.1549.ME.ZS,Mozambique,MOZ,2018,16,"female, 15-49, Modeled"
"Proportion of women subjected to physical and/or sexual violence in the last 12 months (modeled estimate, % of ever partnered women ages 15-49)",SG.VAW.1549.ME.ZS,Myanmar,MMR,2018,11,"female, 15-49, Modeled"
"Proportion of women subjected to physical and/or sexual violence in the last 12 months (modeled estimate, % of ever partnered women ages 15-49)",SG.VAW.1549.ME.ZS,Namibia,NAM,2018,16,"female, 15-49, Modeled"
"Proportion of women subjected to physical and/or sexual violence in the last 12 months (modeled estimate, % of ever partnered women ages 15-49)",SG.VAW.1549.ME.ZS,Nauru,NRU,2018,20,"female, 15-49, Modeled"
"Proportion of women subjected to physical and/or sexual violence in the last 12 months (modeled estimate, % of ever partnered women ages 15-49)",SG.VAW.1549.ME.ZS,Nepal,NPL,2018,11,"female, 15-49, Modeled"
"Proportion of women subjected to physical and/or sexual violence in the last 12 months (modeled estimate, % of ever partnered women ages 15-49)",SG.VAW.1549.ME.ZS,Netherlands,NLD,2018,5,"female, 15-49, Modeled"
"Proportion of women subjected to physical and/or sexual violence in the last 12 months (modeled estimate, % of ever partnered women ages 15-49)",SG.VAW.1549.ME.ZS,New Zealand,NZL,2018,4,"female, 15-49, Modeled"
"Proportion of women subjected to physical and/or sexual violence in the last 12 months (modeled estimate, % of ever partnered women ages 15-49)",SG.VAW.1549.ME.ZS,Nicaragua,NIC,2018,6,"female, 15-49, Modeled"
"Proportion of women subjected to physical and/or sexual violence in the last 12 months (modeled estimate, % of ever partnered women ages 15-49)",SG.VAW.1549.ME.ZS,Niger,NER,2018,13,"female, 15-49, Modeled"
"Proportion of women subjected to physical and/or sexual violence in the last 12 months (modeled estimate, % of ever partnered women ages 15-49)",SG.VAW.1549.ME.ZS,Nigeria,NGA,2018,13,"female, 15-49, Modeled"
"Proportion of women subjected to physical and/or sexual violence in the last 12 months (modeled estimate, % of ever partnered women ages 15-49)",SG.VAW.1549.ME.ZS,North Macedonia,MKD,2018,4,"female, 15-49, Modeled"
"Proportion of women subjected to physical and/or sexual violence in the last 12 months (modeled estimate, % of ever partnered women ages 15-49)",SG.VAW.1549.ME.ZS,Norway,NOR,2018,4,"female, 15-49, Modeled"
"Proportion of women subjected to physical and/or sexual violence in the last 12 months (modeled estimate, % of ever partnered women ages 15-49)",SG.VAW.1549.ME.ZS,Pakistan,PAK,2018,16,"female, 15-49, Modeled"
"Proportion of women subjected to physical and/or sexual violence in the last 12 months (modeled estimate, % of ever partnered women ages 15-49)",SG.VAW.1549.ME.ZS,Palau,PLW,2018,14,"female, 15-49, Modeled"
"Proportion of women subjected to physical and/or sexual violence in the last 12 months (modeled estimate, % of ever partnered women ages 15-49)",SG.VAW.1549.ME.ZS,Panama,PAN,2018,8,"female, 15-49, Modeled"
"Proportion of women subjected to physical and/or sexual violence in the last 12 months (modeled estimate, % of ever partnered women ages 15-49)",SG.VAW.1549.ME.ZS,Papua New Guinea,PNG,2018,31,"female, 15-49, Modeled"
"Proportion of women subjected to physical and/or sexual violence in the last 12 months (modeled estimate, % of ever partnered women ages 15-49)",SG.VAW.1549.ME.ZS,Paraguay,PRY,2018,6,"female, 15-49, Modeled"
"Proportion of women subjected to physical and/or sexual violence in the last 12 months (modeled estimate, % of ever partnered women ages 15-49)",SG.VAW.1549.ME.ZS,Peru,PER,2018,11,"female, 15-49, Modeled"
"Proportion of women subjected to physical and/or sexual violence in the last 12 months (modeled estimate, % of ever partnered women ages 15-49)",SG.VAW.1549.ME.ZS,Philippines,PHL,2018,6,"female, 15-49, Modeled"
"Proportion of women subjected to physical and/or sexual violence in the last 12 months (modeled estimate, % of ever partnered women ages 15-49)",SG.VAW.1549.ME.ZS,Poland,POL,2018,3,"female, 15-49, Modeled"
"Proportion of women subjected to physical and/or sexual violence in the last 12 months (modeled estimate, % of ever partnered women ages 15-49)",SG.VAW.1549.ME.ZS,Portugal,PRT,2018,4,"female, 15-49, Modeled"
"Proportion of women subjected to physical and/or sexual violence in the last 12 months (modeled estimate, % of ever partnered women ages 15-49)",SG.VAW.1549.ME.ZS,Romania,ROU,2018,7,"female, 15-49, Modeled"
"Proportion of women subjected to physical and/or sexual violence in the last 12 months (modeled estimate, % of ever partnered women ages 15-49)",SG.VAW.1549.ME.ZS,Rwanda,RWA,2018,23,"female, 15-49, Modeled"
"Proportion of women subjected to physical and/or sexual violence in the last 12 months (modeled estimate, % of ever partnered women ages 15-49)",SG.VAW.1549.ME.ZS,Samoa,WSM,2018,18,"female, 15-49, Modeled"
"Proportion of women subjected to physical and/or sexual violence in the last 12 months (modeled estimate, % of ever partnered women ages 15-49)",SG.VAW.1549.ME.ZS,Sao Tome and Principe,STP,2018,18,"female, 15-49, Modeled"
"Proportion of women subjected to physical and/or sexual violence in the last 12 months (modeled estimate, % of ever partnered women ages 15-49)",SG.VAW.1549.ME.ZS,Senegal,SEN,2018,12,"female, 15-49, Modeled"
"Proportion of women subjected to physical and/or sexual violence in the last 12 months (modeled estimate, % of ever partnered women ages 15-49)",SG.VAW.1549.ME.ZS,Serbia,SRB,2018,4,"female, 15-49, Modeled"
"Proportion of women subjected to physical and/or sexual violence in the last 12 months (modeled estimate, % of ever partnered women ages 15-49)",SG.VAW.1549.ME.ZS,Sierra Leone,SLE,2018,20,"female, 15-49, Modeled"
"Proportion of women subjected to physical and/or sexual violence in the last 12 months (modeled estimate, % of ever partnered women ages 15-49)",SG.VAW.1549.ME.ZS,Singapore,SGP,2018,2,"female, 15-49, Modeled"
"Proportion of women subjected to physical and/or sexual violence in the last 12 months (modeled estimate, % of ever partnered women ages 15-49)",SG.VAW.1549.ME.ZS,Slovak Republic,SVK,2018,6,"female, 15-49, Modeled"
"Proportion of women subjected to physical and/or sexual violence in the last 12 months (modeled estimate, % of ever partnered women ages 15-49)",SG.VAW.1549.ME.ZS,Slovenia,SVN,2018,3,"female, 15-49, Modeled"
"Proportion of women subjected to physical and/or sexual violence in the last 12 months (modeled estimate, % of ever partnered women ages 15-49)",SG.VAW.1549.ME.ZS,Solomon Islands,SLB,2018,28,"female, 15-49, Modeled"
"Proportion of women subjected to physical and/or sexual violence in the last 12 months (modeled estimate, % of ever partnered women ages 15-49)",SG.VAW.1549.ME.ZS,South Africa,ZAF,2018,13,"female, 15-49, Modeled"
"Proportion of women subjected to physical and/or sexual violence in the last 12 months (modeled estimate, % of ever partnered women ages 15-49)",SG.VAW.1549.ME.ZS,South Sudan,SSD,2018,27,"female, 15-49, Modeled"
"Proportion of women subjected to physical and/or sexual violence in the last 12 months (modeled estimate, % of ever partnered women ages 15-49)",SG.VAW.1549.ME.ZS,Spain,ESP,2018,3,"female, 15-49, Modeled"
"Proportion of women subjected to physical and/or sexual violence in the last 12 months (modeled estimate, % of ever partnered women ages 15-49)",SG.VAW.1549.ME.ZS,Sri Lanka,LKA,2018,4,"female, 15-49, Modeled"
"Proportion of women subjected to physical and/or sexual violence in the last 12 months (modeled estimate, % of ever partnered women ages 15-49)",SG.VAW.1549.ME.ZS,Sudan,SDN,2018,17,"female, 15-49, Modeled"
"Proportion of women subjected to physical and/or sexual violence in the last 12 months (modeled estimate, % of ever partnered women ages 15-49)",SG.VAW.1549.ME.ZS,Suriname,SUR,2018,8,"female, 15-49, Modeled"
"Proportion of women subjected to physical and/or sexual violence in the last 12 months (modeled estimate, % of ever partnered women ages 15-49)",SG.VAW.1549.ME.ZS,Sweden,SWE,2018,6,"female, 15-49, Modeled"
"Proportion of women subjected to physical and/or sexual violence in the last 12 months (modeled estimate, % of ever partnered women ages 15-49)",SG.VAW.1549.ME.ZS,Switzerland,CHE,2018,2,"female, 15-49, Modeled"
"Proportion of women subjected to physical and/or sexual violence in the last 12 months (modeled estimate, % of ever partnered women ages 15-49)",SG.VAW.1549.ME.ZS,Tajikistan,TJK,2018,14,"female, 15-49, Modeled"
"Proportion of women subjected to physical and/or sexual violence in the last 12 months (modeled estimate, % of ever partnered women ages 15-49)",SG.VAW.1549.ME.ZS,Tanzania,TZA,2018,24,"female, 15-49, Modeled"
"Proportion of women subjected to physical and/or sexual violence in the last 12 months (modeled estimate, % of ever partnered women ages 15-49)",SG.VAW.1549.ME.ZS,Thailand,THA,2018,9,"female, 15-49, Modeled"
"Proportion of women subjected to physical and/or sexual violence in the last 12 months (modeled estimate, % of ever partnered women ages 15-49)",SG.VAW.1549.ME.ZS,Timor-Leste,TLS,2018,28,"female, 15-49, Modeled"
"Proportion of women subjected to physical and/or sexual violence in the last 12 months (modeled estimate, % of ever partnered women ages 15-49)",SG.VAW.1549.ME.ZS,Togo,TGO,2018,13,"female, 15-49, Modeled"
"Proportion of women subjected to physical and/or sexual violence in the last 12 months (modeled estimate, % of ever partnered women ages 15-49)",SG.VAW.1549.ME.ZS,Tonga,TON,2018,17,"female, 15-49, Modeled"
"Proportion of women subjected to physical and/or sexual violence in the last 12 months (modeled estimate, % of ever partnered women ages 15-49)",SG.VAW.1549.ME.ZS,Trinidad and Tobago,TTO,2018,7,"female, 15-49, Modeled"
"Proportion of women subjected to physical and/or sexual violence in the last 12 months (modeled estimate, % of ever partnered women ages 15-49)",SG.VAW.1549.ME.ZS,Tunisia,TUN,2018,10,"female, 15-49, Modeled"
"Proportion of women subjected to physical and/or sexual violence in the last 12 months (modeled estimate, % of ever partnered women ages 15-49)",SG.VAW.1549.ME.ZS,Turkiye,TUR,2018,12,"female, 15-49, Modeled"
"Proportion of women subjected to physical and/or sexual violence in the last 12 months (modeled estimate, % of ever partnered women ages 15-49)",SG.VAW.1549.ME.ZS,Tuvalu,TUV,2018,20,"female, 15-49, Modeled"
"Proportion of women subjected to physical and/or sexual violence in the last 12 months (modeled estimate, % of ever partnered women ages 15-49)",SG.VAW.1549.ME.ZS,Uganda,UGA,2018,26,"female, 15-49, Modeled"
"Proportion of women subjected to physical and/or sexual violence in the last 12 months (modeled estimate, % of ever partnered women ages 15-49)",SG.VAW.1549.ME.ZS,Ukraine,UKR,2018,9,"female, 15-49, Modeled"
"Proportion of women subjected to physical and/or sexual violence in the last 12 months (modeled estimate, % of ever partnered women ages 15-49)",SG.VAW.1549.ME.ZS,United Kingdom,GBR,2018,4,"female, 15-49, Modeled"
"Proportion of women subjected to physical and/or sexual violence in the last 12 months (modeled estimate, % of ever partnered women ages 15-49)",SG.VAW.1549.ME.ZS,United States,USA,2018,6,"female, 15-49, Modeled"
"Proportion of women subjected to physical and/or sexual violence in the last 12 months (modeled estimate, % of ever partnered women ages 15-49)",SG.VAW.1549.ME.ZS,Uruguay,URY,2018,4,"female, 15-49, Modeled"
"Proportion of women subjected to physical and/or sexual violence in the last 12 months (modeled estimate, % of ever partnered women ages 15-49)",SG.VAW.1549.ME.ZS,Vanuatu,VUT,2018,29,"female, 15-49, Modeled"
"Proportion of women subjected to physical and/or sexual violence in the last 12 months (modeled estimate, % of ever partnered women ages 15-49)",SG.VAW.1549.ME.ZS,"Venezuela, RB",VEN,2018,8,"female, 15-49, Modeled"
"Proportion of women subjected to physical and/or sexual violence in the last 12 months (modeled estimate, % of ever partnered women ages 15-49)",SG.VAW.1549.ME.ZS,Vietnam,VNM,2018,10,"female, 15-49, Modeled"
"Proportion of women subjected to physical and/or sexual violence in the last 12 months (modeled estimate, % of ever partnered women ages 15-49)",SG.VAW.1549.ME.ZS,West Bank and Gaza,PSE,2018,19,"female, 15-49, Modeled"
"Proportion of women subjected to physical and/or sexual violence in the last 12 months (modeled estimate, % of ever partnered women ages 15-49)",SG.VAW.1549.ME.ZS,Zambia,ZMB,2018,28,"female, 15-49, Modeled"
"Proportion of women subjected to physical and/or sexual violence in the last 12 months (modeled estimate, % of ever partnered women ages 15-49)",SG.VAW.1549.ME.ZS,Zimbabwe,ZWE,2018,18,"female, 15-49, Modeled"
Proportion of women subjected to physical and/or sexual violence in the last 12 months (% of ever-partnered women ages 15-49),SG.VAW.1549.ZS,Afghanistan,AFG,2015,46.1,"female, 15-49, National"
Proportion of women subjected to physical and/or sexual violence in the last 12 months (% of ever-partnered women ages 15-49),SG.VAW.1549.ZS,Angola,AGO,2016,25.9,"female, 15-49, National"
Proportion of women subjected to physical and/or sexual violence in the last 12 months (% of ever-partnered women ages 15-49),SG.VAW.1549.ZS,Armenia,ARM,2016,3.5,"female, 15-49, National"
Proportion of women subjected to physical and/or sexual violence in the last 12 months (% of ever-partnered women ages 15-49),SG.VAW.1549.ZS,Austria,AUT,2012,4,"female, 15-49, National"
Proportion of women subjected to physical and/or sexual violence in the last 12 months (% of ever-partnered women ages 15-49),SG.VAW.1549.ZS,Azerbaijan,AZE,2006,9.8,"female, 15-49, National"
Proportion of women subjected to physical and/or sexual violence in the last 12 months (% of ever-partnered women ages 15-49),SG.VAW.1549.ZS,Bangladesh,BGD,2015,28.8,"female, 15-49, National"
Proportion of women subjected to physical and/or sexual violence in the last 12 months (% of ever-partnered women ages 15-49),SG.VAW.1549.ZS,Belgium,BEL,2012,8,"female, 15-49, National"
Proportion of women subjected to physical and/or sexual violence in the last 12 months (% of ever-partnered women ages 15-49),SG.VAW.1549.ZS,Bolivia,BOL,2016,27.1,"female, 15-49, National"
Proportion of women subjected to physical and/or sexual violence in the last 12 months (% of ever-partnered women ages 15-49),SG.VAW.1549.ZS,Bulgaria,BGR,2012,9,"female, 15-49, National"
Proportion of women subjected to physical and/or sexual violence in the last 12 months (% of ever-partnered women ages 15-49),SG.VAW.1549.ZS,Burkina Faso,BFA,2010,9.3,"female, 15-49, National"
Proportion of women subjected to physical and/or sexual violence in the last 12 months (% of ever-partnered women ages 15-49),SG.VAW.1549.ZS,Burundi,BDI,2017,27.9,"female, 15-49, National"
Proportion of women subjected to physical and/or sexual violence in the last 12 months (% of ever-partnered women ages 15-49),SG.VAW.1549.ZS,Cabo Verde,CPV,2005,7.8,"female, 15-49, National"
Proportion of women subjected to physical and/or sexual violence in the last 12 months (% of ever-partnered women ages 15-49),SG.VAW.1549.ZS,Cambodia,KHM,2014,10.9,"female, 15-49, National"
Proportion of women subjected to physical and/or sexual violence in the last 12 months (% of ever-partnered women ages 15-49),SG.VAW.1549.ZS,Cameroon,CMR,2014,32.7,"female, 15-49, National"
Proportion of women subjected to physical and/or sexual violence in the last 12 months (% of ever-partnered women ages 15-49),SG.VAW.1549.ZS,Central African Republic,CAF,2006,26.3,"female, 15-49, National"
Proportion of women subjected to physical and/or sexual violence in the last 12 months (% of ever-partnered women ages 15-49),SG.VAW.1549.ZS,Chad,TCD,2015,17.5,"female, 15-49, National"
Proportion of women subjected to physical and/or sexual violence in the last 12 months (% of ever-partnered women ages 15-49),SG.VAW.1549.ZS,Colombia,COL,2015,18.4,"female, 15-49, National"
Proportion of women subjected to physical and/or sexual violence in the last 12 months (% of ever-partnered women ages 15-49),SG.VAW.1549.ZS,Comoros,COM,2012,4.9,"female, 15-49, National"
Proportion of women subjected to physical and/or sexual violence in the last 12 months (% of ever-partnered women ages 15-49),SG.VAW.1549.ZS,"Congo, Dem. Rep.",COD,2014,36.8,"female, 15-49, National"
Proportion of women subjected to physical and/or sexual violence in the last 12 months (% of ever-partnered women ages 15-49),SG.VAW.1549.ZS,Cote d'Ivoire,CIV,2012,22,"female, 15-49, National"
Proportion of women subjected to physical and/or sexual violence in the last 12 months (% of ever-partnered women ages 15-49),SG.VAW.1549.ZS,Croatia,HRV,2012,4,"female, 15-49, National"
Proportion of women subjected to physical and/or sexual violence in the last 12 months (% of ever-partnered women ages 15-49),SG.VAW.1549.ZS,Cyprus,CYP,2012,3,"female, 15-49, National"
Proportion of women subjected to physical and/or sexual violence in the last 12 months (% of ever-partnered women ages 15-49),SG.VAW.1549.ZS,Czechia,CZE,2012,6,"female, 15-49, National"
Proportion of women subjected to physical and/or sexual violence in the last 12 months (% of ever-partnered women ages 15-49),SG.VAW.1549.ZS,Denmark,DNK,2012,7,"female, 15-49, National"
Proportion of women subjected to physical and/or sexual violence in the last 12 months (% of ever-partnered women ages 15-49),SG.VAW.1549.ZS,Dominican Republic,DOM,2013,16,"female, 15-49, National"
Proportion of women subjected to physical and/or sexual violence in the last 12 months (% of ever-partnered women ages 15-49),SG.VAW.1549.ZS,Ecuador,ECU,2011,10.8,"female, 15-49, National"
Proportion of women subjected to physical and/or sexual violence in the last 12 months (% of ever-partnered women ages 15-49),SG.VAW.1549.ZS,"Egypt, Arab Rep.",EGY,2014,14,"female, 15-49, National"
Proportion of women subjected to physical and/or sexual violence in the last 12 months (% of ever-partnered women ages 15-49),SG.VAW.1549.ZS,El Salvador,SLV,2014,6.7,"female, 15-49, National"
Proportion of women subjected to physical and/or sexual violence in the last 12 months (% of ever-partnered women ages 15-49),SG.VAW.1549.ZS,Equatorial Guinea,GNQ,2011,43.6,"female, 15-49, National"
Proportion of women subjected to physical and/or sexual violence in the last 12 months (% of ever-partnered women ages 15-49),SG.VAW.1549.ZS,Estonia,EST,2012,4,"female, 15-49, National"
Proportion of women subjected to physical and/or sexual violence in the last 12 months (% of ever-partnered women ages 15-49),SG.VAW.1549.ZS,Ethiopia,ETH,2016,19.8,"female, 15-49, National"
Proportion of women subjected to physical and/or sexual violence in the last 12 months (% of ever-partnered women ages 15-49),SG.VAW.1549.ZS,Fiji,FJI,2011,29.7,"female, 15-49, National"
Proportion of women subjected to physical and/or sexual violence in the last 12 months (% of ever-partnered women ages 15-49),SG.VAW.1549.ZS,Finland,FIN,2012,8,"female, 15-49, National"
Proportion of women subjected to physical and/or sexual violence in the last 12 months (% of ever-partnered women ages 15-49),SG.VAW.1549.ZS,France,FRA,2012,7,"female, 15-49, National"
Proportion of women subjected to physical and/or sexual violence in the last 12 months (% of ever-partnered women ages 15-49),SG.VAW.1549.ZS,Gabon,GAB,2012,31.5,"female, 15-49, National"
Proportion of women subjected to physical and/or sexual violence in the last 12 months (% of ever-partnered women ages 15-49),SG.VAW.1549.ZS,"Gambia, The",GMB,2013,7.3,"female, 15-49, National"
Proportion of women subjected to physical and/or sexual violence in the last 12 months (% of ever-partnered women ages 15-49),SG.VAW.1549.ZS,Germany,DEU,2012,5,"female, 15-49, National"
Proportion of women subjected to physical and/or sexual violence in the last 12 months (% of ever-partnered women ages 15-49),SG.VAW.1549.ZS,Ghana,GHA,2008,19.2,"female, 15-49, National"
Proportion of women subjected to physical and/or sexual violence in the last 12 months (% of ever-partnered women ages 15-49),SG.VAW.1549.ZS,Greece,GRC,2012,8,"female, 15-49, National"
Proportion of women subjected to physical and/or sexual violence in the last 12 months (% of ever-partnered women ages 15-49),SG.VAW.1549.ZS,Guatemala,GTM,2015,8.9,"female, 15-49, National"
Proportion of women subjected to physical and/or sexual violence in the last 12 months (% of ever-partnered women ages 15-49),SG.VAW.1549.ZS,Haiti,HTI,2017,13.9,"female, 15-49, National"
Proportion of women subjected to physical and/or sexual violence in the last 12 months (% of ever-partnered women ages 15-49),SG.VAW.1549.ZS,Honduras,HND,2012,11,"female, 15-49, National"
Proportion of women subjected to physical and/or sexual violence in the last 12 months (% of ever-partnered women ages 15-49),SG.VAW.1549.ZS,Hungary,HUN,2012,8,"female, 15-49, National"
Proportion of women subjected to physical and/or sexual violence in the last 12 months (% of ever-partnered women ages 15-49),SG.VAW.1549.ZS,India,IND,2016,22,"female, 15-49, National"
Proportion of women subjected to physical and/or sexual violence in the last 12 months (% of ever-partnered women ages 15-49),SG.VAW.1549.ZS,Ireland,IRL,2012,4,"female, 15-49, National"
Proportion of women subjected to physical and/or sexual violence in the last 12 months (% of ever-partnered women ages 15-49),SG.VAW.1549.ZS,Italy,ITA,2012,7,"female, 15-49, National"
Proportion of women subjected to physical and/or sexual violence in the last 12 months (% of ever-partnered women ages 15-49),SG.VAW.1549.ZS,Jamaica,JAM,2016,8.52,"female, 15-49, National"
Proportion of women subjected to physical and/or sexual violence in the last 12 months (% of ever-partnered women ages 15-49),SG.VAW.1549.ZS,Jordan,JOR,2012,14.1,"female, 15-49, National"
Proportion of women subjected to physical and/or sexual violence in the last 12 months (% of ever-partnered women ages 15-49),SG.VAW.1549.ZS,Kenya,KEN,2014,25.5,"female, 15-49, National"
Proportion of women subjected to physical and/or sexual violence in the last 12 months (% of ever-partnered women ages 15-49),SG.VAW.1549.ZS,Kiribati,KIR,2008,36.1,"female, 15-49, National"
Proportion of women subjected to physical and/or sexual violence in the last 12 months (% of ever-partnered women ages 15-49),SG.VAW.1549.ZS,Kyrgyz Republic,KGZ,2012,17.1,"female, 15-49, National"
Proportion of women subjected to physical and/or sexual violence in the last 12 months (% of ever-partnered women ages 15-49),SG.VAW.1549.ZS,Lao PDR,LAO,2014,6.4,"female, 15-49, National"
Proportion of women subjected to physical and/or sexual violence in the last 12 months (% of ever-partnered women ages 15-49),SG.VAW.1549.ZS,Latvia,LVA,2012,7,"female, 15-49, National"
Proportion of women subjected to physical and/or sexual violence in the last 12 months (% of ever-partnered women ages 15-49),SG.VAW.1549.ZS,Liberia,LBR,2007,35,"female, 15-49, National"
Proportion of women subjected to physical and/or sexual violence in the last 12 months (% of ever-partnered women ages 15-49),SG.VAW.1549.ZS,Lithuania,LTU,2012,6,"female, 15-49, National"
Proportion of women subjected to physical and/or sexual violence in the last 12 months (% of ever-partnered women ages 15-49),SG.VAW.1549.ZS,Luxembourg,LUX,2012,3,"female, 15-49, National"
Proportion of women subjected to physical and/or sexual violence in the last 12 months (% of ever-partnered women ages 15-49),SG.VAW.1549.ZS,Malawi,MWI,2016,24.3,"female, 15-49, National"
Proportion of women subjected to physical and/or sexual violence in the last 12 months (% of ever-partnered women ages 15-49),SG.VAW.1549.ZS,Maldives,MDV,2006,6.4,"female, 15-49, National"
Proportion of women subjected to physical and/or sexual violence in the last 12 months (% of ever-partnered women ages 15-49),SG.VAW.1549.ZS,Mali,MLI,2006,21.5,"female, 15-49, National"
Proportion of women subjected to physical and/or sexual violence in the last 12 months (% of ever-partnered women ages 15-49),SG.VAW.1549.ZS,Malta,MLT,2012,5,"female, 15-49, National"
Proportion of women subjected to physical and/or sexual violence in the last 12 months (% of ever-partnered women ages 15-49),SG.VAW.1549.ZS,Marshall Islands,MHL,2014,20.1,"female, 15-49, National"
Proportion of women subjected to physical and/or sexual violence in the last 12 months (% of ever-partnered women ages 15-49),SG.VAW.1549.ZS,Mexico,MEX,2016,9.5,"female, 15-49, National"
Proportion of women subjected to physical and/or sexual violence in the last 12 months (% of ever-partnered women ages 15-49),SG.VAW.1549.ZS,"Micronesia, Fed. Sts.",FSM,2014,26,"female, 15-49, National"
Proportion of women subjected to physical and/or sexual violence in the last 12 months (% of ever-partnered women ages 15-49),SG.VAW.1549.ZS,Moldova,MDA,2005,14.6,"female, 15-49, National"
Proportion of women subjected to physical and/or sexual violence in the last 12 months (% of ever-partnered women ages 15-49),SG.VAW.1549.ZS,Mongolia,MNG,2017,14.7,"female, 15-49, National"
Proportion of women subjected to physical and/or sexual violence in the last 12 months (% of ever-partnered women ages 15-49),SG.VAW.1549.ZS,Mozambique,MOZ,2015,15.5,"female, 15-49, National"
Proportion of women subjected to physical and/or sexual violence in the last 12 months (% of ever-partnered women ages 15-49),SG.VAW.1549.ZS,Myanmar,MMR,2016,11,"female, 15-49, National"
Proportion of women subjected to physical and/or sexual violence in the last 12 months (% of ever-partnered women ages 15-49),SG.VAW.1549.ZS,Namibia,NAM,2013,20.2,"female, 15-49, National"
Proportion of women subjected to physical and/or sexual violence in the last 12 months (% of ever-partnered women ages 15-49),SG.VAW.1549.ZS,Nepal,NPL,2016,11.2,"female, 15-49, National"
Proportion of women subjected to physical and/or sexual violence in the last 12 months (% of ever-partnered women ages 15-49),SG.VAW.1549.ZS,Netherlands,NLD,2012,7,"female, 15-49, National"
Proportion of women subjected to physical and/or sexual violence in the last 12 months (% of ever-partnered women ages 15-49),SG.VAW.1549.ZS,Nicaragua,NIC,2012,7.5,"female, 15-49, National"
Proportion of women subjected to physical and/or sexual violence in the last 12 months (% of ever-partnered women ages 15-49),SG.VAW.1549.ZS,Nigeria,NGA,2013,11,"female, 15-49, National"
Proportion of women subjected to physical and/or sexual violence in the last 12 months (% of ever-partnered women ages 15-49),SG.VAW.1549.ZS,Palau,PLW,2013,9.6,"female, 15-49, National"
Proportion of women subjected to physical and/or sexual violence in the last 12 months (% of ever-partnered women ages 15-49),SG.VAW.1549.ZS,Panama,PAN,2009,10.1,"female, 15-49, National"
Proportion of women subjected to physical and/or sexual violence in the last 12 months (% of ever-partnered women ages 15-49),SG.VAW.1549.ZS,Paraguay,PRY,2008,8,"female, 15-49, National"
Proportion of women subjected to physical and/or sexual violence in the last 12 months (% of ever-partnered women ages 15-49),SG.VAW.1549.ZS,Peru,PER,2016,10.8,"female, 15-49, National"
Proportion of women subjected to physical and/or sexual violence in the last 12 months (% of ever-partnered women ages 15-49),SG.VAW.1549.ZS,Philippines,PHL,2017,5.5,"female, 15-49, National"
Proportion of women subjected to physical and/or sexual violence in the last 12 months (% of ever-partnered women ages 15-49),SG.VAW.1549.ZS,Poland,POL,2012,3,"female, 15-49, National"
Proportion of women subjected to physical and/or sexual violence in the last 12 months (% of ever-partnered women ages 15-49),SG.VAW.1549.ZS,Portugal,PRT,2012,6,"female, 15-49, National"
Proportion of women subjected to physical and/or sexual violence in the last 12 months (% of ever-partnered women ages 15-49),SG.VAW.1549.ZS,Romania,ROU,2012,7,"female, 15-49, National"
Proportion of women subjected to physical and/or sexual violence in the last 12 months (% of ever-partnered women ages 15-49),SG.VAW.1549.ZS,Rwanda,RWA,2015,20.7,"female, 15-49, National"
Proportion of women subjected to physical and/or sexual violence in the last 12 months (% of ever-partnered women ages 15-49),SG.VAW.1549.ZS,Samoa,WSM,2000,22,"female, 15-49, National"
Proportion of women subjected to physical and/or sexual violence in the last 12 months (% of ever-partnered women ages 15-49),SG.VAW.1549.ZS,Sao Tome and Principe,STP,2009,26.3,"female, 15-49, National"
Proportion of women subjected to physical and/or sexual violence in the last 12 months (% of ever-partnered women ages 15-49),SG.VAW.1549.ZS,Senegal,SEN,2017,12.2,"female, 15-49, National"
Proportion of women subjected to physical and/or sexual violence in the last 12 months (% of ever-partnered women ages 15-49),SG.VAW.1549.ZS,Sierra Leone,SLE,2013,28.7,"female, 15-49, National"
Proportion of women subjected to physical and/or sexual violence in the last 12 months (% of ever-partnered women ages 15-49),SG.VAW.1549.ZS,Slovak Republic,SVK,2012,8,"female, 15-49, National"
Proportion of women subjected to physical and/or sexual violence in the last 12 months (% of ever-partnered women ages 15-49),SG.VAW.1549.ZS,Slovenia,SVN,2012,2,"female, 15-49, National"
Proportion of women subjected to physical and/or sexual violence in the last 12 months (% of ever-partnered women ages 15-49),SG.VAW.1549.ZS,Solomon Islands,SLB,2008,41.8,"female, 15-49, National"
Proportion of women subjected to physical and/or sexual violence in the last 12 months (% of ever-partnered women ages 15-49),SG.VAW.1549.ZS,Spain,ESP,2012,2,"female, 15-49, National"
Proportion of women subjected to physical and/or sexual violence in the last 12 months (% of ever-partnered women ages 15-49),SG.VAW.1549.ZS,Sweden,SWE,2012,6,"female, 15-49, National"
Proportion of women subjected to physical and/or sexual violence in the last 12 months (% of ever-partnered women ages 15-49),SG.VAW.1549.ZS,Tajikistan,TJK,2017,19,"female, 15-49, National"
Proportion of women subjected to physical and/or sexual violence in the last 12 months (% of ever-partnered women ages 15-49),SG.VAW.1549.ZS,Tanzania,TZA,2016,29.6,"female, 15-49, National"
Proportion of women subjected to physical and/or sexual violence in the last 12 months (% of ever-partnered women ages 15-49),SG.VAW.1549.ZS,Timor-Leste,TLS,2016,34.6,"female, 15-49, National"
Proportion of women subjected to physical and/or sexual violence in the last 12 months (% of ever-partnered women ages 15-49),SG.VAW.1549.ZS,Togo,TGO,2014,12.7,"female, 15-49, National"
Proportion of women subjected to physical and/or sexual violence in the last 12 months (% of ever-partnered women ages 15-49),SG.VAW.1549.ZS,Tonga,TON,2009,18.9,"female, 15-49, National"
Proportion of women subjected to physical and/or sexual violence in the last 12 months (% of ever-partnered women ages 15-49),SG.VAW.1549.ZS,Trinidad and Tobago,TTO,2017,6.74,"female, 15-49, National"
Proportion of women subjected to physical and/or sexual violence in the last 12 months (% of ever-partnered women ages 15-49),SG.VAW.1549.ZS,Turkiye,TUR,2014,11,"female, 15-49, National"
Proportion of women subjected to physical and/or sexual violence in the last 12 months (% of ever-partnered women ages 15-49),SG.VAW.1549.ZS,Tuvalu,TUV,2007,25,"female, 15-49, National"
Proportion of women subjected to physical and/or sexual violence in the last 12 months (% of ever-partnered women ages 15-49),SG.VAW.1549.ZS,Uganda,UGA,2016,29.9,"female, 15-49, National"
Proportion of women subjected to physical and/or sexual violence in the last 12 months (% of ever-partnered women ages 15-49),SG.VAW.1549.ZS,Ukraine,UKR,2007,10.2,"female, 15-49, National"
Proportion of women subjected to physical and/or sexual violence in the last 12 months (% of ever-partnered women ages 15-49),SG.VAW.1549.ZS,United Kingdom,GBR,2012,6,"female, 15-49, National"
Proportion of women subjected to physical and/or sexual violence in the last 12 months (% of ever-partnered women ages 15-49),SG.VAW.1549.ZS,Uruguay,URY,2013,2.8,"female, 15-49, National"
Proportion of women subjected to physical and/or sexual violence in the last 12 months (% of ever-partnered women ages 15-49),SG.VAW.1549.ZS,Vanuatu,VUT,2009,44,"female, 15-49, National"
Proportion of women subjected to physical and/or sexual violence in the last 12 months (% of ever-partnered women ages 15-49),SG.VAW.1549.ZS,Vietnam,VNM,2010,10.8,"female, 15-49, National"
Proportion of women subjected to physical and/or sexual violence in the last 12 months (% of ever-partnered women ages 15-49),SG.VAW.1549.ZS,Zambia,ZMB,2014,26.7,"female, 15-49, National"
Proportion of women subjected to physical and/or sexual violence in the last 12 months (% of ever-partnered women ages 15-49),SG.VAW.1549.ZS,Zimbabwe,ZWE,2015,19.9,"female, 15-49, National"
"Proportion of women subjected to physical and/or sexual violence in the last 12 months (modeled estimate, % of ever partnered women ages 15+)",SG.VAW.15PL.ME.ZS,East Asia & Pacific,EAS,2018,6.194983212,"female, 15+, Modeled"
"Proportion of women subjected to physical and/or sexual violence in the last 12 months (modeled estimate, % of ever partnered women ages 15+)",SG.VAW.15PL.ME.ZS,Europe & Central Asia,ECS,2018,4.813429481,"female, 15+, Modeled"
"Proportion of women subjected to physical and/or sexual violence in the last 12 months (modeled estimate, % of ever partnered women ages 15+)",SG.VAW.15PL.ME.ZS,High income,HIC,2018,4.141781569,"female, 15+, Modeled"
"Proportion of women subjected to physical and/or sexual violence in the last 12 months (modeled estimate, % of ever partnered women ages 15+)",SG.VAW.15PL.ME.ZS,Latin America & Caribbean,LCN,2018,6.954915452,"female, 15+, Modeled"
"Proportion of women subjected to physical and/or sexual violence in the last 12 months (modeled estimate, % of ever partnered women ages 15+)",SG.VAW.15PL.ME.ZS,Low income,LIC,2018,20.06186136,"female, 15+, Modeled"
"Proportion of women subjected to physical and/or sexual violence in the last 12 months (modeled estimate, % of ever partnered women ages 15+)",SG.VAW.15PL.ME.ZS,Lower middle income,LMC,2018,14.48873492,"female, 15+, Modeled"
"Proportion of women subjected to physical and/or sexual violence in the last 12 months (modeled estimate, % of ever partnered women ages 15+)",SG.VAW.15PL.ME.ZS,Middle East & North Africa,MEA,2018,12.97875758,"female, 15+, Modeled"
"Proportion of women subjected to physical and/or sexual violence in the last 12 months (modeled estimate, % of ever partnered women ages 15+)",SG.VAW.15PL.ME.ZS,North America,NAC,2018,3.957813481,"female, 15+, Modeled"
"Proportion of women subjected to physical and/or sexual violence in the last 12 months (modeled estimate, % of ever partnered women ages 15+)",SG.VAW.15PL.ME.ZS,South Asia,SAS,2018,16.29940105,"female, 15+, Modeled"
"Proportion of women subjected to physical and/or sexual violence in the last 12 months (modeled estimate, % of ever partnered women ages 15+)",SG.VAW.15PL.ME.ZS,Sub-Saharan Africa,SSF,2018,18.13389869,"female, 15+, Modeled"
"Proportion of women subjected to physical and/or sexual violence in the last 12 months (modeled estimate, % of ever partnered women ages 15+)",SG.VAW.15PL.ME.ZS,Upper middle income,UMC,2018,6.912893405,"female, 15+, Modeled"
"Proportion of women subjected to physical and/or sexual violence in the last 12 months (modeled estimate, % of ever partnered women ages 15+)",SG.VAW.15PL.ME.ZS,Afghanistan,AFG,2018,33.63692146,"female, 15+, Modeled"
"Proportion of women subjected to physical and/or sexual violence in the last 12 months (modeled estimate, % of ever partnered women ages 15+)",SG.VAW.15PL.ME.ZS,Albania,ALB,2018,5.118630251,"female, 15+, Modeled"
"Proportion of women subjected to physical and/or sexual violence in the last 12 months (modeled estimate, % of ever partnered women ages 15+)",SG.VAW.15PL.ME.ZS,Angola,AGO,2018,22.14993959,"female, 15+, Modeled"
"Proportion of women subjected to physical and/or sexual violence in the last 12 months (modeled estimate, % of ever partnered women ages 15+)",SG.VAW.15PL.ME.ZS,Argentina,ARG,2018,3.693910077,"female, 15+, Modeled"
"Proportion of women subjected to physical and/or sexual violence in the last 12 months (modeled estimate, % of ever partnered women ages 15+)",SG.VAW.15PL.ME.ZS,Armenia,ARM,2018,4.454536413,"female, 15+, Modeled"
"Proportion of women subjected to physical and/or sexual violence in the last 12 months (modeled estimate, % of ever partnered women ages 15+)",SG.VAW.15PL.ME.ZS,Australia,AUS,2018,1.984924731,"female, 15+, Modeled"
"Proportion of women subjected to physical and/or sexual violence in the last 12 months (modeled estimate, % of ever partnered women ages 15+)",SG.VAW.15PL.ME.ZS,Austria,AUT,2018,2.753974097,"female, 15+, Modeled"
"Proportion of women subjected to physical and/or sexual violence in the last 12 months (modeled estimate, % of ever partnered women ages 15+)",SG.VAW.15PL.ME.ZS,Azerbaijan,AZE,2018,4.03298843,"female, 15+, Modeled"
"Proportion of women subjected to physical and/or sexual violence in the last 12 months (modeled estimate, % of ever partnered women ages 15+)",SG.VAW.15PL.ME.ZS,Bangladesh,BGD,2018,20.78456139,"female, 15+, Modeled"
"Proportion of women subjected to physical and/or sexual violence in the last 12 months (modeled estimate, % of ever partnered women ages 15+)",SG.VAW.15PL.ME.ZS,Belarus,BLR,2018,5.184650047,"female, 15+, Modeled"
"Proportion of women subjected to physical and/or sexual violence in the last 12 months (modeled estimate, % of ever partnered women ages 15+)",SG.VAW.15PL.ME.ZS,Belgium,BEL,2018,3.30642401,"female, 15+, Modeled"
"Proportion of women subjected to physical and/or sexual violence in the last 12 months (modeled estimate, % of ever partnered women ages 15+)",SG.VAW.15PL.ME.ZS,Belize,BLZ,2018,6.622618928,"female, 15+, Modeled"
"Proportion of women subjected to physical and/or sexual violence in the last 12 months (modeled estimate, % of ever partnered women ages 15+)",SG.VAW.15PL.ME.ZS,Benin,BEN,2018,13.22862052,"female, 15+, Modeled"
"Proportion of women subjected to physical and/or sexual violence in the last 12 months (modeled estimate, % of ever partnered women ages 15+)",SG.VAW.15PL.ME.ZS,Bhutan,BTN,2018,8.431346153,"female, 15+, Modeled"
"Proportion of women subjected to physical and/or sexual violence in the last 12 months (modeled estimate, % of ever partnered women ages 15+)",SG.VAW.15PL.ME.ZS,Bolivia,BOL,2018,15.49002223,"female, 15+, Modeled"
"Proportion of women subjected to physical and/or sexual violence in the last 12 months (modeled estimate, % of ever partnered women ages 15+)",SG.VAW.15PL.ME.ZS,Bosnia and Herzegovina,BIH,2018,2.700214998,"female, 15+, Modeled"
"Proportion of women subjected to physical and/or sexual violence in the last 12 months (modeled estimate, % of ever partnered women ages 15+)",SG.VAW.15PL.ME.ZS,Botswana,BWA,2018,15.16534219,"female, 15+, Modeled"
"Proportion of women subjected to physical and/or sexual violence in the last 12 months (modeled estimate, % of ever partnered women ages 15+)",SG.VAW.15PL.ME.ZS,Brazil,BRA,2018,5.287560511,"female, 15+, Modeled"
"Proportion of women subjected to physical and/or sexual violence in the last 12 months (modeled estimate, % of ever partnered women ages 15+)",SG.VAW.15PL.ME.ZS,Bulgaria,BGR,2018,4.095205623,"female, 15+, Modeled"
"Proportion of women subjected to physical and/or sexual violence in the last 12 months (modeled estimate, % of ever partnered women ages 15+)",SG.VAW.15PL.ME.ZS,Burkina Faso,BFA,2018,10.60401376,"female, 15+, Modeled"
"Proportion of women subjected to physical and/or sexual violence in the last 12 months (modeled estimate, % of ever partnered women ages 15+)",SG.VAW.15PL.ME.ZS,Burundi,BDI,2018,20.12826608,"female, 15+, Modeled"
"Proportion of women subjected to physical and/or sexual violence in the last 12 months (modeled estimate, % of ever partnered women ages 15+)",SG.VAW.15PL.ME.ZS,Cabo Verde,CPV,2018,10.21517567,"female, 15+, Modeled"
"Proportion of women subjected to physical and/or sexual violence in the last 12 months (modeled estimate, % of ever partnered women ages 15+)",SG.VAW.15PL.ME.ZS,Cambodia,KHM,2018,8.197598411,"female, 15+, Modeled"
"Proportion of women subjected to physical and/or sexual violence in the last 12 months (modeled estimate, % of ever partnered women ages 15+)",SG.VAW.15PL.ME.ZS,Cameroon,CMR,2018,19.04951315,"female, 15+, Modeled"
"Proportion of women subjected to physical and/or sexual violence in the last 12 months (modeled estimate, % of ever partnered women ages 15+)",SG.VAW.15PL.ME.ZS,Canada,CAN,2018,1.684592385,"female, 15+, Modeled"
"Proportion of women subjected to physical and/or sexual violence in the last 12 months (modeled estimate, % of ever partnered women ages 15+)",SG.VAW.15PL.ME.ZS,Central African Republic,CAF,2018,18.07776466,"female, 15+, Modeled"
"Proportion of women subjected to physical and/or sexual violence in the last 12 months (modeled estimate, % of ever partnered women ages 15+)",SG.VAW.15PL.ME.ZS,Chad,TCD,2018,14.5916369,"female, 15+, Modeled"
"Proportion of women subjected to physical and/or sexual violence in the last 12 months (modeled estimate, % of ever partnered women ages 15+)",SG.VAW.15PL.ME.ZS,Chile,CHL,2018,4.752778252,"female, 15+, Modeled"
"Proportion of women subjected to physical and/or sexual violence in the last 12 months (modeled estimate, % of ever partnered women ages 15+)",SG.VAW.15PL.ME.ZS,China,CHN,2018,5.85802997,"female, 15+, Modeled"
"Proportion of women subjected to physical and/or sexual violence in the last 12 months (modeled estimate, % of ever partnered women ages 15+)",SG.VAW.15PL.ME.ZS,Colombia,COL,2018,9.953422396,"female, 15+, Modeled"
"Proportion of women subjected to physical and/or sexual violence in the last 12 months (modeled estimate, % of ever partnered women ages 15+)",SG.VAW.15PL.ME.ZS,Comoros,COM,2018,7.345565934,"female, 15+, Modeled"
"Proportion of women subjected to physical and/or sexual violence in the last 12 months (modeled estimate, % of ever partnered women ages 15+)",SG.VAW.15PL.ME.ZS,"Congo, Dem. Rep.",COD,2018,31.88243802,"female, 15+, Modeled"
"Proportion of women subjected to physical and/or sexual violence in the last 12 months (modeled estimate, % of ever partnered women ages 15+)",SG.VAW.15PL.ME.ZS,Costa Rica,CRI,2018,5.843438987,"female, 15+, Modeled"
"Proportion of women subjected to physical and/or sexual violence in the last 12 months (modeled estimate, % of ever partnered women ages 15+)",SG.VAW.15PL.ME.ZS,Cote d'Ivoire,CIV,2018,15.4170975,"female, 15+, Modeled"
"Proportion of women subjected to physical and/or sexual violence in the last 12 months (modeled estimate, % of ever partnered women ages 15+)",SG.VAW.15PL.ME.ZS,Croatia,HRV,2018,2.837032034,"female, 15+, Modeled"
"Proportion of women subjected to physical and/or sexual violence in the last 12 months (modeled estimate, % of ever partnered women ages 15+)",SG.VAW.15PL.ME.ZS,Cuba,CUB,2018,3.372811691,"female, 15+, Modeled"
"Proportion of women subjected to physical and/or sexual violence in the last 12 months (modeled estimate, % of ever partnered women ages 15+)",SG.VAW.15PL.ME.ZS,Cyprus,CYP,2018,2.950370436,"female, 15+, Modeled"
"Proportion of women subjected to physical and/or sexual violence in the last 12 months (modeled estimate, % of ever partnered women ages 15+)",SG.VAW.15PL.ME.ZS,Czechia,CZE,2018,2.881139381,"female, 15+, Modeled"
"Proportion of women subjected to physical and/or sexual violence in the last 12 months (modeled estimate, % of ever partnered women ages 15+)",SG.VAW.15PL.ME.ZS,Denmark,DNK,2018,2.043413082,"female, 15+, Modeled"
"Proportion of women subjected to physical and/or sexual violence in the last 12 months (modeled estimate, % of ever partnered women ages 15+)",SG.VAW.15PL.ME.ZS,Dominican Republic,DOM,2018,7.780397012,"female, 15+, Modeled"
"Proportion of women subjected to physical and/or sexual violence in the last 12 months (modeled estimate, % of ever partnered women ages 15+)",SG.VAW.15PL.ME.ZS,Ecuador,ECU,2018,6.607275148,"female, 15+, Modeled"
"Proportion of women subjected to physical and/or sexual violence in the last 12 months (modeled estimate, % of ever partnered women ages 15+)",SG.VAW.15PL.ME.ZS,"Egypt, Arab Rep.",EGY,2018,11.88954173,"female, 15+, Modeled"
"Proportion of women subjected to physical and/or sexual violence in the last 12 months (modeled estimate, % of ever partnered women ages 15+)",SG.VAW.15PL.ME.ZS,El Salvador,SLV,2018,4.765127438,"female, 15+, Modeled"
"Proportion of women subjected to physical and/or sexual violence in the last 12 months (modeled estimate, % of ever partnered women ages 15+)",SG.VAW.15PL.ME.ZS,Equatorial Guinea,GNQ,2018,25.63741282,"female, 15+, Modeled"
"Proportion of women subjected to physical and/or sexual violence in the last 12 months (modeled estimate, % of ever partnered women ages 15+)",SG.VAW.15PL.ME.ZS,Estonia,EST,2018,2.739336506,"female, 15+, Modeled"
"Proportion of women subjected to physical and/or sexual violence in the last 12 months (modeled estimate, % of ever partnered women ages 15+)",SG.VAW.15PL.ME.ZS,Eswatini,SWZ,2018,15.97242697,"female, 15+, Modeled"
"Proportion of women subjected to physical and/or sexual violence in the last 12 months (modeled estimate, % of ever partnered women ages 15+)",SG.VAW.15PL.ME.ZS,Ethiopia,ETH,2018,22.82250631,"female, 15+, Modeled"
"Proportion of women subjected to physical and/or sexual violence in the last 12 months (modeled estimate, % of ever partnered women ages 15+)",SG.VAW.15PL.ME.ZS,Fiji,FJI,2018,16.38079158,"female, 15+, Modeled"
"Proportion of women subjected to physical and/or sexual violence in the last 12 months (modeled estimate, % of ever partnered women ages 15+)",SG.VAW.15PL.ME.ZS,Finland,FIN,2018,5.557988915,"female, 15+, Modeled"
"Proportion of women subjected to physical and/or sexual violence in the last 12 months (modeled estimate, % of ever partnered women ages 15+)",SG.VAW.15PL.ME.ZS,France,FRA,2018,3.514484979,"female, 15+, Modeled"
"Proportion of women subjected to physical and/or sexual violence in the last 12 months (modeled estimate, % of ever partnered women ages 15+)",SG.VAW.15PL.ME.ZS,Gabon,GAB,2018,20.89164985,"female, 15+, Modeled"
"Proportion of women subjected to physical and/or sexual violence in the last 12 months (modeled estimate, % of ever partnered women ages 15+)",SG.VAW.15PL.ME.ZS,"Gambia, The",GMB,2018,8.963463611,"female, 15+, Modeled"
"Proportion of women subjected to physical and/or sexual violence in the last 12 months (modeled estimate, % of ever partnered women ages 15+)",SG.VAW.15PL.ME.ZS,Georgia,GEO,2018,2.178612648,"female, 15+, Modeled"
"Proportion of women subjected to physical and/or sexual violence in the last 12 months (modeled estimate, % of ever partnered women ages 15+)",SG.VAW.15PL.ME.ZS,Ghana,GHA,2018,9.456058021,"female, 15+, Modeled"
"Proportion of women subjected to physical and/or sexual violence in the last 12 months (modeled estimate, % of ever partnered women ages 15+)",SG.VAW.15PL.ME.ZS,Greece,GRC,2018,3.677296239,"female, 15+, Modeled"
"Proportion of women subjected to physical and/or sexual violence in the last 12 months (modeled estimate, % of ever partnered women ages 15+)",SG.VAW.15PL.ME.ZS,Grenada,GRD,2018,5.554479558,"female, 15+, Modeled"
"Proportion of women subjected to physical and/or sexual violence in the last 12 months (modeled estimate, % of ever partnered women ages 15+)",SG.VAW.15PL.ME.ZS,Guatemala,GTM,2018,6.333749635,"female, 15+, Modeled"
"Proportion of women subjected to physical and/or sexual violence in the last 12 months (modeled estimate, % of ever partnered women ages 15+)",SG.VAW.15PL.ME.ZS,Guinea,GIN,2018,18.63099928,"female, 15+, Modeled"
"Proportion of women subjected to physical and/or sexual violence in the last 12 months (modeled estimate, % of ever partnered women ages 15+)",SG.VAW.15PL.ME.ZS,Guyana,GUY,2018,8.534942594,"female, 15+, Modeled"
"Proportion of women subjected to physical and/or sexual violence in the last 12 months (modeled estimate, % of ever partnered women ages 15+)",SG.VAW.15PL.ME.ZS,Haiti,HTI,2018,10.07291742,"female, 15+, Modeled"
"Proportion of women subjected to physical and/or sexual violence in the last 12 months (modeled estimate, % of ever partnered women ages 15+)",SG.VAW.15PL.ME.ZS,Honduras,HND,2018,6.845423502,"female, 15+, Modeled"
"Proportion of women subjected to physical and/or sexual violence in the last 12 months (modeled estimate, % of ever partnered women ages 15+)",SG.VAW.15PL.ME.ZS,"Hong Kong SAR, China",HKG,2018,1.733773096,"female, 15+, Modeled"
"Proportion of women subjected to physical and/or sexual violence in the last 12 months (modeled estimate, % of ever partnered women ages 15+)",SG.VAW.15PL.ME.ZS,Hungary,HUN,2018,4.224668928,"female, 15+, Modeled"
"Proportion of women subjected to physical and/or sexual violence in the last 12 months (modeled estimate, % of ever partnered women ages 15+)",SG.VAW.15PL.ME.ZS,Iceland,ISL,2018,1.784690796,"female, 15+, Modeled"
"Proportion of women subjected to physical and/or sexual violence in the last 12 months (modeled estimate, % of ever partnered women ages 15+)",SG.VAW.15PL.ME.ZS,India,IND,2018,15.85112701,"female, 15+, Modeled"
"Proportion of women subjected to physical and/or sexual violence in the last 12 months (modeled estimate, % of ever partnered women ages 15+)",SG.VAW.15PL.ME.ZS,Indonesia,IDN,2018,7.525633941,"female, 15+, Modeled"
"Proportion of women subjected to physical and/or sexual violence in the last 12 months (modeled estimate, % of ever partnered women ages 15+)",SG.VAW.15PL.ME.ZS,"Iran, Islamic Rep.",IRN,2018,15.23175159,"female, 15+, Modeled"
"Proportion of women subjected to physical and/or sexual violence in the last 12 months (modeled estimate, % of ever partnered women ages 15+)",SG.VAW.15PL.ME.ZS,Ireland,IRL,2018,2.704179837,"female, 15+, Modeled"
"Proportion of women subjected to physical and/or sexual violence in the last 12 months (modeled estimate, % of ever partnered women ages 15+)",SG.VAW.15PL.ME.ZS,Israel,ISR,2018,4.405841474,"female, 15+, Modeled"
"Proportion of women subjected to physical and/or sexual violence in the last 12 months (modeled estimate, % of ever partnered women ages 15+)",SG.VAW.15PL.ME.ZS,Italy,ITA,2018,2.220272914,"female, 15+, Modeled"
"Proportion of women subjected to physical and/or sexual violence in the last 12 months (modeled estimate, % of ever partnered women ages 15+)",SG.VAW.15PL.ME.ZS,Jamaica,JAM,2018,5.670459339,"female, 15+, Modeled"
"Proportion of women subjected to physical and/or sexual violence in the last 12 months (modeled estimate, % of ever partnered women ages 15+)",SG.VAW.15PL.ME.ZS,Japan,JPN,2018,3.024865021,"female, 15+, Modeled"
"Proportion of women subjected to physical and/or sexual violence in the last 12 months (modeled estimate, % of ever partnered women ages 15+)",SG.VAW.15PL.ME.ZS,Jordan,JOR,2018,12.1321912,"female, 15+, Modeled"
"Proportion of women subjected to physical and/or sexual violence in the last 12 months (modeled estimate, % of ever partnered women ages 15+)",SG.VAW.15PL.ME.ZS,Kazakhstan,KAZ,2018,4.939125743,"female, 15+, Modeled"
"Proportion of women subjected to physical and/or sexual violence in the last 12 months (modeled estimate, % of ever partnered women ages 15+)",SG.VAW.15PL.ME.ZS,Kenya,KEN,2018,21.41526901,"female, 15+, Modeled"
"Proportion of women subjected to physical and/or sexual violence in the last 12 months (modeled estimate, % of ever partnered women ages 15+)",SG.VAW.15PL.ME.ZS,Kiribati,KIR,2018,19.45685448,"female, 15+, Modeled"
"Proportion of women subjected to physical and/or sexual violence in the last 12 months (modeled estimate, % of ever partnered women ages 15+)",SG.VAW.15PL.ME.ZS,"Korea, Rep.",KOR,2018,8.751296392,"female, 15+, Modeled"
"Proportion of women subjected to physical and/or sexual violence in the last 12 months (modeled estimate, % of ever partnered women ages 15+)",SG.VAW.15PL.ME.ZS,Kyrgyz Republic,KGZ,2018,11.62238313,"female, 15+, Modeled"
"Proportion of women subjected to physical and/or sexual violence in the last 12 months (modeled estimate, % of ever partnered women ages 15+)",SG.VAW.15PL.ME.ZS,Lao PDR,LAO,2018,6.712165219,"female, 15+, Modeled"
"Proportion of women subjected to physical and/or sexual violence in the last 12 months (modeled estimate, % of ever partnered women ages 15+)",SG.VAW.15PL.ME.ZS,Latvia,LVA,2018,4.353358393,"female, 15+, Modeled"
"Proportion of women subjected to physical and/or sexual violence in the last 12 months (modeled estimate, % of ever partnered women ages 15+)",SG.VAW.15PL.ME.ZS,Lesotho,LSO,2018,14.31160177,"female, 15+, Modeled"
"Proportion of women subjected to physical and/or sexual violence in the last 12 months (modeled estimate, % of ever partnered women ages 15+)",SG.VAW.15PL.ME.ZS,Liberia,LBR,2018,23.15404768,"female, 15+, Modeled"
"Proportion of women subjected to physical and/or sexual violence in the last 12 months (modeled estimate, % of ever partnered women ages 15+)",SG.VAW.15PL.ME.ZS,Lithuania,LTU,2018,4.12145763,"female, 15+, Modeled"
"Proportion of women subjected to physical and/or sexual violence in the last 12 months (modeled estimate, % of ever partnered women ages 15+)",SG.VAW.15PL.ME.ZS,Luxembourg,LUX,2018,2.7177023,"female, 15+, Modeled"
"Proportion of women subjected to physical and/or sexual violence in the last 12 months (modeled estimate, % of ever partnered women ages 15+)",SG.VAW.15PL.ME.ZS,Malawi,MWI,2018,15.16673157,"female, 15+, Modeled"
"Proportion of women subjected to physical and/or sexual violence in the last 12 months (modeled estimate, % of ever partnered women ages 15+)",SG.VAW.15PL.ME.ZS,Maldives,MDV,2018,5.2736023,"female, 15+, Modeled"
"Proportion of women subjected to physical and/or sexual violence in the last 12 months (modeled estimate, % of ever partnered women ages 15+)",SG.VAW.15PL.ME.ZS,Mali,MLI,2018,16.71594494,"female, 15+, Modeled"
"Proportion of women subjected to physical and/or sexual violence in the last 12 months (modeled estimate, % of ever partnered women ages 15+)",SG.VAW.15PL.ME.ZS,Malta,MLT,2018,3.075838984,"female, 15+, Modeled"
"Proportion of women subjected to physical and/or sexual violence in the last 12 months (modeled estimate, % of ever partnered women ages 15+)",SG.VAW.15PL.ME.ZS,Marshall Islands,MHL,2018,14.9647913,"female, 15+, Modeled"
"Proportion of women subjected to physical and/or sexual violence in the last 12 months (modeled estimate, % of ever partnered women ages 15+)",SG.VAW.15PL.ME.ZS,Mexico,MEX,2018,8.938801762,"female, 15+, Modeled"
"Proportion of women subjected to physical and/or sexual violence in the last 12 months (modeled estimate, % of ever partnered women ages 15+)",SG.VAW.15PL.ME.ZS,"Micronesia, Fed. Sts.",FSM,2018,18.80744501,"female, 15+, Modeled"
"Proportion of women subjected to physical and/or sexual violence in the last 12 months (modeled estimate, % of ever partnered women ages 15+)",SG.VAW.15PL.ME.ZS,Moldova,MDA,2018,8.172231064,"female, 15+, Modeled"
"Proportion of women subjected to physical and/or sexual violence in the last 12 months (modeled estimate, % of ever partnered women ages 15+)",SG.VAW.15PL.ME.ZS,Mongolia,MNG,2018,9.334331768,"female, 15+, Modeled"
"Proportion of women subjected to physical and/or sexual violence in the last 12 months (modeled estimate, % of ever partnered women ages 15+)",SG.VAW.15PL.ME.ZS,Montenegro,MNE,2018,3.515259081,"female, 15+, Modeled"
"Proportion of women subjected to physical and/or sexual violence in the last 12 months (modeled estimate, % of ever partnered women ages 15+)",SG.VAW.15PL.ME.ZS,Morocco,MAR,2018,8.529955818,"female, 15+, Modeled"
"Proportion of women subjected to physical and/or sexual violence in the last 12 months (modeled estimate, % of ever partnered women ages 15+)",SG.VAW.15PL.ME.ZS,Mozambique,MOZ,2018,15.65467578,"female, 15+, Modeled"
"Proportion of women subjected to physical and/or sexual violence in the last 12 months (modeled estimate, % of ever partnered women ages 15+)",SG.VAW.15PL.ME.ZS,Myanmar,MMR,2018,8.700746904,"female, 15+, Modeled"
"Proportion of women subjected to physical and/or sexual violence in the last 12 months (modeled estimate, % of ever partnered women ages 15+)",SG.VAW.15PL.ME.ZS,Namibia,NAM,2018,14.88132535,"female, 15+, Modeled"
"Proportion of women subjected to physical and/or sexual violence in the last 12 months (modeled estimate, % of ever partnered women ages 15+)",SG.VAW.15PL.ME.ZS,Nauru,NRU,2018,15.53727681,"female, 15+, Modeled"
"Proportion of women subjected to physical and/or sexual violence in the last 12 months (modeled estimate, % of ever partnered women ages 15+)",SG.VAW.15PL.ME.ZS,Nepal,NPL,2018,10.34582242,"female, 15+, Modeled"
"Proportion of women subjected to physical and/or sexual violence in the last 12 months (modeled estimate, % of ever partnered women ages 15+)",SG.VAW.15PL.ME.ZS,Netherlands,NLD,2018,3.532973522,"female, 15+, Modeled"
"Proportion of women subjected to physical and/or sexual violence in the last 12 months (modeled estimate, % of ever partnered women ages 15+)",SG.VAW.15PL.ME.ZS,New Zealand,NZL,2018,3.153642602,"female, 15+, Modeled"
"Proportion of women subjected to physical and/or sexual violence in the last 12 months (modeled estimate, % of ever partnered women ages 15+)",SG.VAW.15PL.ME.ZS,Nicaragua,NIC,2018,5.557248865,"female, 15+, Modeled"
"Proportion of women subjected to physical and/or sexual violence in the last 12 months (modeled estimate, % of ever partnered women ages 15+)",SG.VAW.15PL.ME.ZS,Niger,NER,2018,13.87160855,"female, 15+, Modeled"
"Proportion of women subjected to physical and/or sexual violence in the last 12 months (modeled estimate, % of ever partnered women ages 15+)",SG.VAW.15PL.ME.ZS,Nigeria,NGA,2018,11.6858482,"female, 15+, Modeled"
"Proportion of women subjected to physical and/or sexual violence in the last 12 months (modeled estimate, % of ever partnered women ages 15+)",SG.VAW.15PL.ME.ZS,North Macedonia,MKD,2018,3.327586737,"female, 15+, Modeled"
"Proportion of women subjected to physical and/or sexual violence in the last 12 months (modeled estimate, % of ever partnered women ages 15+)",SG.VAW.15PL.ME.ZS,Norway,NOR,2018,3.360535836,"female, 15+, Modeled"
"Proportion of women subjected to physical and/or sexual violence in the last 12 months (modeled estimate, % of ever partnered women ages 15+)",SG.VAW.15PL.ME.ZS,Pakistan,PAK,2018,14.59487265,"female, 15+, Modeled"
"Proportion of women subjected to physical and/or sexual violence in the last 12 months (modeled estimate, % of ever partnered women ages 15+)",SG.VAW.15PL.ME.ZS,Palau,PLW,2018,10.85011155,"female, 15+, Modeled"
"Proportion of women subjected to physical and/or sexual violence in the last 12 months (modeled estimate, % of ever partnered women ages 15+)",SG.VAW.15PL.ME.ZS,Panama,PAN,2018,6.421769682,"female, 15+, Modeled"
"Proportion of women subjected to physical and/or sexual violence in the last 12 months (modeled estimate, % of ever partnered women ages 15+)",SG.VAW.15PL.ME.ZS,Papua New Guinea,PNG,2018,25.46661403,"female, 15+, Modeled"
"Proportion of women subjected to physical and/or sexual violence in the last 12 months (modeled estimate, % of ever partnered women ages 15+)",SG.VAW.15PL.ME.ZS,Paraguay,PRY,2018,4.856039558,"female, 15+, Modeled"
"Proportion of women subjected to physical and/or sexual violence in the last 12 months (modeled estimate, % of ever partnered women ages 15+)",SG.VAW.15PL.ME.ZS,Peru,PER,2018,9.084524935,"female, 15+, Modeled"
"Proportion of women subjected to physical and/or sexual violence in the last 12 months (modeled estimate, % of ever partnered women ages 15+)",SG.VAW.15PL.ME.ZS,Philippines,PHL,2018,4.913447833,"female, 15+, Modeled"
"Proportion of women subjected to physical and/or sexual violence in the last 12 months (modeled estimate, % of ever partnered women ages 15+)",SG.VAW.15PL.ME.ZS,Poland,POL,2018,2.603351474,"female, 15+, Modeled"
"Proportion of women subjected to physical and/or sexual violence in the last 12 months (modeled estimate, % of ever partnered women ages 15+)",SG.VAW.15PL.ME.ZS,Portugal,PRT,2018,3.582567288,"female, 15+, Modeled"
"Proportion of women subjected to physical and/or sexual violence in the last 12 months (modeled estimate, % of ever partnered women ages 15+)",SG.VAW.15PL.ME.ZS,Romania,ROU,2018,6.68517864,"female, 15+, Modeled"
"Proportion of women subjected to physical and/or sexual violence in the last 12 months (modeled estimate, % of ever partnered women ages 15+)",SG.VAW.15PL.ME.ZS,Rwanda,RWA,2018,21.47433184,"female, 15+, Modeled"
"Proportion of women subjected to physical and/or sexual violence in the last 12 months (modeled estimate, % of ever partnered women ages 15+)",SG.VAW.15PL.ME.ZS,Samoa,WSM,2018,13.49992988,"female, 15+, Modeled"
"Proportion of women subjected to physical and/or sexual violence in the last 12 months (modeled estimate, % of ever partnered women ages 15+)",SG.VAW.15PL.ME.ZS,Sao Tome and Principe,STP,2018,15.50364705,"female, 15+, Modeled"
"Proportion of women subjected to physical and/or sexual violence in the last 12 months (modeled estimate, % of ever partnered women ages 15+)",SG.VAW.15PL.ME.ZS,Senegal,SEN,2018,10.84091932,"female, 15+, Modeled"
"Proportion of women subjected to physical and/or sexual violence in the last 12 months (modeled estimate, % of ever partnered women ages 15+)",SG.VAW.15PL.ME.ZS,Serbia,SRB,2018,2.988115224,"female, 15+, Modeled"
"Proportion of women subjected to physical and/or sexual violence in the last 12 months (modeled estimate, % of ever partnered women ages 15+)",SG.VAW.15PL.ME.ZS,Sierra Leone,SLE,2018,17.19027392,"female, 15+, Modeled"
"Proportion of women subjected to physical and/or sexual violence in the last 12 months (modeled estimate, % of ever partnered women ages 15+)",SG.VAW.15PL.ME.ZS,Singapore,SGP,2018,1.962026989,"female, 15+, Modeled"
"Proportion of women subjected to physical and/or sexual violence in the last 12 months (modeled estimate, % of ever partnered women ages 15+)",SG.VAW.15PL.ME.ZS,Slovak Republic,SVK,2018,4.399904601,"female, 15+, Modeled"
"Proportion of women subjected to physical and/or sexual violence in the last 12 months (modeled estimate, % of ever partnered women ages 15+)",SG.VAW.15PL.ME.ZS,Slovenia,SVN,2018,2.605434058,"female, 15+, Modeled"
"Proportion of women subjected to physical and/or sexual violence in the last 12 months (modeled estimate, % of ever partnered women ages 15+)",SG.VAW.15PL.ME.ZS,Solomon Islands,SLB,2018,23.63929492,"female, 15+, Modeled"
"Proportion of women subjected to physical and/or sexual violence in the last 12 months (modeled estimate, % of ever partnered women ages 15+)",SG.VAW.15PL.ME.ZS,South Africa,ZAF,2018,11.04387688,"female, 15+, Modeled"
"Proportion of women subjected to physical and/or sexual violence in the last 12 months (modeled estimate, % of ever partnered women ages 15+)",SG.VAW.15PL.ME.ZS,South Sudan,SSD,2018,24.02496977,"female, 15+, Modeled"
"Proportion of women subjected to physical and/or sexual violence in the last 12 months (modeled estimate, % of ever partnered women ages 15+)",SG.VAW.15PL.ME.ZS,Spain,ESP,2018,2.557857493,"female, 15+, Modeled"
"Proportion of women subjected to physical and/or sexual violence in the last 12 months (modeled estimate, % of ever partnered women ages 15+)",SG.VAW.15PL.ME.ZS,Sri Lanka,LKA,2018,3.326906188,"female, 15+, Modeled"
"Proportion of women subjected to physical and/or sexual violence in the last 12 months (modeled estimate, % of ever partnered women ages 15+)",SG.VAW.15PL.ME.ZS,Sudan,SDN,2018,14.82687732,"female, 15+, Modeled"
"Proportion of women subjected to physical and/or sexual violence in the last 12 months (modeled estimate, % of ever partnered women ages 15+)",SG.VAW.15PL.ME.ZS,Suriname,SUR,2018,5.868320915,"female, 15+, Modeled"
"Proportion of women subjected to physical and/or sexual violence in the last 12 months (modeled estimate, % of ever partnered women ages 15+)",SG.VAW.15PL.ME.ZS,Sweden,SWE,2018,4.813514191,"female, 15+, Modeled"
"Proportion of women subjected to physical and/or sexual violence in the last 12 months (modeled estimate, % of ever partnered women ages 15+)",SG.VAW.15PL.ME.ZS,Switzerland,CHE,2018,1.219672609,"female, 15+, Modeled"
"Proportion of women subjected to physical and/or sexual violence in the last 12 months (modeled estimate, % of ever partnered women ages 15+)",SG.VAW.15PL.ME.ZS,Tajikistan,TJK,2018,11.96104785,"female, 15+, Modeled"
"Proportion of women subjected to physical and/or sexual violence in the last 12 months (modeled estimate, % of ever partnered women ages 15+)",SG.VAW.15PL.ME.ZS,Tanzania,TZA,2018,21.69386319,"female, 15+, Modeled"
"Proportion of women subjected to physical and/or sexual violence in the last 12 months (modeled estimate, % of ever partnered women ages 15+)",SG.VAW.15PL.ME.ZS,Thailand,THA,2018,7.118012934,"female, 15+, Modeled"
"Proportion of women subjected to physical and/or sexual violence in the last 12 months (modeled estimate, % of ever partnered women ages 15+)",SG.VAW.15PL.ME.ZS,Timor-Leste,TLS,2018,24.64636938,"female, 15+, Modeled"
"Proportion of women subjected to physical and/or sexual violence in the last 12 months (modeled estimate, % of ever partnered women ages 15+)",SG.VAW.15PL.ME.ZS,Togo,TGO,2018,11.18905618,"female, 15+, Modeled"
"Proportion of women subjected to physical and/or sexual violence in the last 12 months (modeled estimate, % of ever partnered women ages 15+)",SG.VAW.15PL.ME.ZS,Tonga,TON,2018,12.09769521,"female, 15+, Modeled"
"Proportion of women subjected to physical and/or sexual violence in the last 12 months (modeled estimate, % of ever partnered women ages 15+)",SG.VAW.15PL.ME.ZS,Trinidad and Tobago,TTO,2018,5.630571296,"female, 15+, Modeled"
"Proportion of women subjected to physical and/or sexual violence in the last 12 months (modeled estimate, % of ever partnered women ages 15+)",SG.VAW.15PL.ME.ZS,Tunisia,TUN,2018,8.340780286,"female, 15+, Modeled"
"Proportion of women subjected to physical and/or sexual violence in the last 12 months (modeled estimate, % of ever partnered women ages 15+)",SG.VAW.15PL.ME.ZS,Turkiye,TUR,2018,9.516871862,"female, 15+, Modeled"
"Proportion of women subjected to physical and/or sexual violence in the last 12 months (modeled estimate, % of ever partnered women ages 15+)",SG.VAW.15PL.ME.ZS,Tuvalu,TUV,2018,15.36540016,"female, 15+, Modeled"
"Proportion of women subjected to physical and/or sexual violence in the last 12 months (modeled estimate, % of ever partnered women ages 15+)",SG.VAW.15PL.ME.ZS,Uganda,UGA,2018,24.21675376,"female, 15+, Modeled"
"Proportion of women subjected to physical and/or sexual violence in the last 12 months (modeled estimate, % of ever partnered women ages 15+)",SG.VAW.15PL.ME.ZS,Ukraine,UKR,2018,8.273987318,"female, 15+, Modeled"
"Proportion of women subjected to physical and/or sexual violence in the last 12 months (modeled estimate, % of ever partnered women ages 15+)",SG.VAW.15PL.ME.ZS,United Kingdom,GBR,2018,3.590189135,"female, 15+, Modeled"
"Proportion of women subjected to physical and/or sexual violence in the last 12 months (modeled estimate, % of ever partnered women ages 15+)",SG.VAW.15PL.ME.ZS,United States,USA,2018,4.213027991,"female, 15+, Modeled"
"Proportion of women subjected to physical and/or sexual violence in the last 12 months (modeled estimate, % of ever partnered women ages 15+)",SG.VAW.15PL.ME.ZS,Uruguay,URY,2018,3.386360059,"female, 15+, Modeled"
"Proportion of women subjected to physical and/or sexual violence in the last 12 months (modeled estimate, % of ever partnered women ages 15+)",SG.VAW.15PL.ME.ZS,Vanuatu,VUT,2018,24.17507071,"female, 15+, Modeled"
"Proportion of women subjected to physical and/or sexual violence in the last 12 months (modeled estimate, % of ever partnered women ages 15+)",SG.VAW.15PL.ME.ZS,"Venezuela, RB",VEN,2018,7.338356355,"female, 15+, Modeled"
"Proportion of women subjected to physical and/or sexual violence in the last 12 months (modeled estimate, % of ever partnered women ages 15+)",SG.VAW.15PL.ME.ZS,Vietnam,VNM,2018,7.320478446,"female, 15+, Modeled"
"Proportion of women subjected to physical and/or sexual violence in the last 12 months (modeled estimate, % of ever partnered women ages 15+)",SG.VAW.15PL.ME.ZS,West Bank and Gaza,PSE,2018,17.13401625,"female, 15+, Modeled"
"Proportion of women subjected to physical and/or sexual violence in the last 12 months (modeled estimate, % of ever partnered women ages 15+)",SG.VAW.15PL.ME.ZS,Zambia,ZMB,2018,25.15720656,"female, 15+, Modeled"
"Proportion of women subjected to physical and/or sexual violence in the last 12 months (modeled estimate, % of ever partnered women ages 15+)",SG.VAW.15PL.ME.ZS,Zimbabwe,ZWE,2018,15.75067424,"female, 15+, Modeled"
